name,price,link
Dalmore 12 Year Old Sherry Cask Select,£71.00,https://www.whiskyshop.com/dalmore-12-year-old-sherry-cask
GlenDronach 12 Year Old,£54.00,https://www.whiskyshop.com/glendronach-12-year-old
Rare Find Islay 2006,£102.00,https://www.whiskyshop.com/rare-find-islay-2006
Rare Find Tranquillity 1985 Highland Single Malt,£395.00,https://www.whiskyshop.com/rare-find-tranquillity-1985-highland-single-malt
Loch Lomond 12 Year Old , £46.00,https://www.whiskyshop.com/loch-lomond-12-year-old
The Octave Laphroaig 2011 9 Year Old,£156.00,https://www.whiskyshop.com/the-octave-laphroaig-2011-9-year-old
GlenDronach 1993 26 Year Old #8635,£395.00,https://www.whiskyshop.com/glendronach-1993-26-year-old-8635-tws-exclusive
Fettercairn 12 Year Old,£48.00,https://www.whiskyshop.com/fettercairn-12-year-old
Personalised Famous Grouse,£26.00,https://www.whiskyshop.com/personalised-famous-grouse
Arran 10 Year Old,£46.00,https://www.whiskyshop.com/arran-10-year-old
Glenlivet 80 Year Old Generations,"£100,000.00",https://www.whiskyshop.com/glenlivet-80-year-old-generations
Character of Islay Premium Tasting Set 2021 Edition ,£54.95,https://www.whiskyshop.com/character-of-islay-premium-tasting-set-5x3cl
The Octave Ardmore 2010 11 Year Old,£115.00,https://www.whiskyshop.com/the-octave-ardmore-2010-11-year-old
The Octave Dalmunach 2016 5 Year Old,£67.00,https://www.whiskyshop.com/the-octave-dalmunach-2016
Lindores Abbey The Casks of Lindores Bourbon,£55.00,https://www.whiskyshop.com/lindores-abbey-the-casks-of-lindores-bourbon
Glenfiddich 21 Year Old Chinese New Year Edition 2022,£165.00,https://www.whiskyshop.com/glenfiddich-21-year-old-chinese-new-year-edition-2021
Ardnamurchan Single Malt AD 10.21:06 ,£46.00,https://www.whiskyshop.com/ardnamurchan-single-malt-ad-10-21-06
Isle of Raasay Single Malt Batch 2,£50.00,https://www.whiskyshop.com/isle-of-raasay-single-malt-batch-2
Johnnie Walker Black Label Gift Pack with 2 Highball Glass,£39.00,https://www.whiskyshop.com/johnnie-walker-black-label-gift-pack-with-2-highball-glass
Johnnie Walker Black Label Gift Pack,£38.00,https://www.whiskyshop.com/johnnie-walker-black-label-gift-pack
Johnnie Walker Gold Label Cracker Pack,£22.00,https://www.whiskyshop.com/johnnie-walker-gold-label-cracker-pack
Johnnie Walker Red Gift Tin,£28.00,https://www.whiskyshop.com/johnnie-walker-red-gift-tin
Secret Santa Christmas Whisky Gift Set,£30.00,https://www.whiskyshop.com/secret-santa-whisky-gift-set
Naughty & Nice Whisky Gift Set - Blue,£30.00,https://www.whiskyshop.com/naughty-nice-whisky-gift-set-blue
Glengoyne 36 Year Old Russell Family Cask,"£3,595.00",https://www.whiskyshop.com/glengoyne-36-year-old-russell-family-cask
Old & Rare Magnum Ardbeg 1991 30 Year Old 1.5L,"£3,999.00",https://www.whiskyshop.com/magnum-ardbeg-1991-30-year-old
Eidolon Port Ellen 1983 36 Year Old,"£2,999.00",https://www.whiskyshop.com/eidolon-port-ellen-1983-36-year-old
Macallan A Night on Earth in Scotland,,https://www.whiskyshop.com/macallan-a-night-on-earth-in-scotland
The Macallan Harmony Collection Rich Cacao,,https://www.whiskyshop.com/the-macallan-harmony-collection-rich-cacao
Black Bull 21 Year Old ,£115.00,https://www.whiskyshop.com/black-bull-21-year-old
Kilchoman 100% Islay 11th Edition ,£78.00,https://www.whiskyshop.com/kilchoman-100-islay-11th-edition
Johnnie Walker 18 Year Old Gift Set,£87.00,https://www.whiskyshop.com/johnnie-walker-18-year-old-gift-set-with
Johnnie Walker Gold Gift Set ,£57.00,https://www.whiskyshop.com/johnnie-walker-gold-gift-set-2x5cl
Glen Scotia 12 Year Old Seasonal Release 2021,£74.99,https://www.whiskyshop.com/glen-scotia-seasonal-release-2021
The Loch Fyne Fynest Bunnahabhain 19 Year Old,£156.00,https://www.whiskyshop.com/the-loch-fyne-fynest-bunnahabhain-19-year-old
Highland Park 15 Year Old,£80.00,https://www.whiskyshop.com/highland-park-15-year-old
Johnnie Walker Blue Label Ghost & Rare: Pittyvaich ,£275.00,https://www.whiskyshop.com/johnnie-walker-ghost-and-rare-pittyvaich
Black Bottle Double Cask,£25.99,https://www.whiskyshop.com/black-bottle-double-cask
Black Bottle Island Smoke,£25.99,https://www.whiskyshop.com/black-bottle-island-smoke
BenRiach 2009 11 Year Old Cask #4833 Batch 17 ,£90.00,https://www.whiskyshop.com/benriach-2009-11-year-old-cask-4833-batch-17
Glenglassaugh 10 Year Old Cask #2140 ,£91.00,https://www.whiskyshop.com/glenglassaugh-10-year-old-cask-2140
Chivas Regal The Icon,"£2,250.00",https://www.whiskyshop.com/chivas-regal-the-icon
The Kinship Bunnahabhain 31 Year Old 1989,£496.00,https://www.whiskyshop.com/the-kinship-bunnahabhain-1989-31-year-old
Strathisla 1985 35 Year Old Private Collection,"£1,000.00",https://www.whiskyshop.com/strathisla-1985-private-collection
GlenKeir Treasures Coimeasgadh Blended Malt,£55.00,https://www.whiskyshop.com/glenkeir-treasure-coimeasgadh-blended-malt
Glenkeir Treasure Carribean Blended Rum ,£40.00,https://www.whiskyshop.com/glenkeir-carribean-blended-rum
Black Bull 40 year old,£830.00,https://www.whiskyshop.com/black-bull-40-year-old
The Kinship Caol Ila 40 Year Old 1980,"£1,500.00",https://www.whiskyshop.com/caol-ila-1980-40-year-old-kinship
Macallan 30 Year Old Double Cask 2021,"£4,250.00",https://www.whiskyshop.com/macallan-30-year-old-double-cask-2021
Glen Moray Warehouse 1 1998 Barolo Finish ,£145.00,https://www.whiskyshop.com/glen-moray-warehouse-1-1998-barolo-finish
Royal Lochnagar 16 Year Old Diageo Special Release 2021 ,£200.00,https://www.whiskyshop.com/royal-lochnagar-16-year-old-diageo-special-release-2021
Cardhu 14 Year Old Diageo Special Release 2021,£120.00,https://www.whiskyshop.com/cardhu-14-year-old-diageo-special-release-2021
Lagavulin 26 Year Old Diageo Special Release 2021,"£1,650.00",https://www.whiskyshop.com/lagavulin-26yo-diageo-special-release-2021
Oban 12 Year Old Diageo Special Release 2021 ,£105.00,https://www.whiskyshop.com/oban-13-year-old-diageo-special-release-2021-56-2
Lagavulin 12 Year Old Diageo Special Release 2021,£130.00,https://www.whiskyshop.com/lagavulin-12-year-old-diageo-special-release-2021
Mortlach 13 Year Old Diageo Special Release 2021 ,£135.00,https://www.whiskyshop.com/mortlach-13-year-old-diageo-special-release-2021
Singleton of Glendullan 19 Year Old Diageo Special Release 2021,£140.00,https://www.whiskyshop.com/singleton-of-glendullan-19-year-old-diageo-special-release-2021
Talisker 8 Year Old Diageo Special Release 2021 ,£90.00,https://www.whiskyshop.com/talisker-8-year-old-diageo-special-release-2021
Glenrothes 25 Year Old ,£385.00,https://www.whiskyshop.com/glenrothes-25-year-old
Darkness Strathisla 15 Year Old Moscatel Cask Finish,£181.00,https://www.whiskyshop.com/darkness-strathisla-15-year-old-moscatel-cask-finish
Darkness Glenrothes 12 Year Old Oloroso Cask Finish ,£65.00,https://www.whiskyshop.com/darkness-glenrothes-12-year-old-oloroso-cask-finish-61-3-50cl
Darkness Campbeltown 6 Year Old Oloroso Cask Finish,£58.00,https://www.whiskyshop.com/darkness-campbeltown-6-year-old-oloroso-cask-finish
Darkness Craigellachie 11 Year Old Oloroso Cask Finish ,£78.00,https://www.whiskyshop.com/darkness-craigellachie-11-year-old-oloroso-cask-finish
Dalmore 30 Year Old 2021 Release,"£4,500.00",https://www.whiskyshop.com/dalmore-30-year-old-2021-release
Nc'Nean Organic Single Malt,£51.00,https://www.whiskyshop.com/catalog/product/view/id/21965/s/nc-nean-organic-single-malt/category/246/
Monkey Shoulder Fever Tree Gift Pack,£15.00,https://www.whiskyshop.com/monkey-shoulder-fever-tree-gift-pack
Benromach 40 Year Old (2021 Release),"£1,750.00",https://www.whiskyshop.com/benromach-40-year-old
Westport 21 Year Old Batch 1 That Boutique-y Whisky Company,£156.00,https://www.whiskyshop.com/westport-21-year-old-batch-1-that-boutique-y-whisky-company
Strathmill 22 Year Old Batch 7 That Boutique-y Whisky Company ,£205.00,https://www.whiskyshop.com/strathmill-22-year-old-batch-7-that-boutique-y-whisky-company
Bruichladdich 28 Year Old Batch 19 That Boutique-y Whisky Company,£217.00,https://www.whiskyshop.com/bruichladdich-28-year-old-batch-19-that-boutique-y-whisky-company
Aultmore 38 Year Old Batch 17 That Boutique-y Whisky Company ,£715.00,https://www.whiskyshop.com/aultmore-38-year-old-batch-17-that-boutique-y-whisky-company
Nc'Nean 3 Year Old Batch 2 That Boutique-y Whisky Company,£72.00,https://www.whiskyshop.com/nc-nean-3-year-old-that-boutique-y-whisky-company
Glengoyne Time Keeper,£52.00,https://www.whiskyshop.com/glengoyne-time-keeper
Glengoyne Time Capsule Pack 3x20cl ,£67.00,https://www.whiskyshop.com/glengoyne-time-capsule-pack-3x20cl
Glengoyne Time Capsule Miniature Pack 3x5cl,£26.00,https://www.whiskyshop.com/glengoyne-time-capsule-miniature-pack-3x5cl
Ledaig 1999 Pedro Ximénez Cask Matured,£260.00,https://www.whiskyshop.com/ledaig-1999-pedro-ximenez-cask-matured
Tobermory 2004 Oloroso Cask Matured,£135.00,https://www.whiskyshop.com/tobermory-2004-oloroso-cask-matured
Deanston 2008 Oloroso Cask Matured,£83.00,https://www.whiskyshop.com/deanston-2008-oloroso-cask-matured
Bunnahabhain Aonadh,£125.00,https://www.whiskyshop.com/bunnahabhain-aonadh
Tormore 1994 26 Year Old Connoisseurs Choice Batch 21/097,£237.00,https://www.whiskyshop.com/tormore-1994-26-year-old-connoisseurs-choice-batch-21-097
Darkness Benrinnes 14 Year Old Pedro Ximinez Cask Finish,£67.00,https://www.whiskyshop.com/darkness-benrinnes-14yo-px-cask-finish
Laphroaig 25 Year Old Cask Strength 2021,£440.00,https://www.whiskyshop.com/laphroaig-25-year-old-cask-strength-2021
Highland Park Cask Strength Release No. 2,£62.00,https://www.whiskyshop.com/highland-park-cask-strength-batch-2
Glenglassaugh 50 Year Old,"£5,500.00",https://www.whiskyshop.com/glenlassaugh-50-year-old
Gordon & MacPhail Ardmore 1991 Cask Strength,£174.00,https://www.whiskyshop.com/ardmore-1991-cask-strength-gordon-macphail
Loch Lomond 12 Year Old Gift Set 3x20cl,£61.00,https://www.whiskyshop.com/loch-lomond-12-year-old-gift-pack-20cl
Loch Lomond 18 Year Old 20cl,£36.00,https://www.whiskyshop.com/loch-lomond-18-year-old-20cl
Loch Lomond 12 Year Old 20cl,£23.00,https://www.whiskyshop.com/loch-lomond-12-year-old-20cl
Glen Scotia Double Cask & 15 Year Old 2x20cl,£41.00,https://www.whiskyshop.com/glen-scotia-double-cask-glen-scotia-15-year-old-dual-pack
Glen Scotia Double Cask 20cl,£23.00,https://www.whiskyshop.com/glen-scotia-double-cask-20cl
Glen Scotia Double Cask & Glass 20cl,£26.00,https://www.whiskyshop.com/glen-scotia-double-cask-glass-20cl
Glen Scotia 15 Year Old 20cl,£26.00,https://www.whiskyshop.com/glen-scotia-15-year-old-20cl
Braes of Glenlivet 1975 Connoisseurs Choice,£475.00,https://www.whiskyshop.com/braes-of-glenlivet-1975-connoisseurs-choice
Gordon & MacPhail Smith's Glenlivet 1966 47 Year Old,£980.00,https://www.whiskyshop.com/gordon-macphail-smith-s-glenlivet-1966-47-year-old
Gordon & MacPhail Glenlivet 1949 ,"£3,850.00",https://www.whiskyshop.com/glenlivet-1949-gordon-macphail
Port Charlotte Islay Barley 2013 ,£67.00,https://www.whiskyshop.com/port-charlotte-islay-barley-2013
Linkwood 1981 Private Collection ,"£1,250.00",https://www.whiskyshop.com/linkwood-1981-private-collection
Linkwood 1980 40 Year Old Private Collection ,£999.99,https://www.whiskyshop.com/linkwood-1980-40-year-old-private-collection
Dimensions Linkwood 2009 12 Year Old,£93.00,https://www.whiskyshop.com/dimensions-linkwood-2009-12-year-old
Benromach 2012 Peat Smoke Sherry Cask Matured,£51.00,https://www.whiskyshop.com/benromach-2012-peat-smoke-sherry-cask-matured
name,price,link
Dalmore 12 Year Old Sherry Cask Select,£71.00,https://www.whiskyshop.com/dalmore-12-year-old-sherry-cask
GlenDronach 12 Year Old,£54.00,https://www.whiskyshop.com/glendronach-12-year-old
Rare Find Islay 2006,£102.00,https://www.whiskyshop.com/rare-find-islay-2006
Rare Find Tranquillity 1985 Highland Single Malt,£395.00,https://www.whiskyshop.com/rare-find-tranquillity-1985-highland-single-malt
Loch Lomond 12 Year Old , £46.00,https://www.whiskyshop.com/loch-lomond-12-year-old
The Octave Laphroaig 2011 9 Year Old,£156.00,https://www.whiskyshop.com/the-octave-laphroaig-2011-9-year-old
GlenDronach 1993 26 Year Old #8635,£395.00,https://www.whiskyshop.com/glendronach-1993-26-year-old-8635-tws-exclusive
Fettercairn 12 Year Old,£48.00,https://www.whiskyshop.com/fettercairn-12-year-old
Personalised Famous Grouse,£26.00,https://www.whiskyshop.com/personalised-famous-grouse
Arran 10 Year Old,£46.00,https://www.whiskyshop.com/arran-10-year-old
Glenlivet 80 Year Old Generations,"£100,000.00",https://www.whiskyshop.com/glenlivet-80-year-old-generations
Character of Islay Premium Tasting Set 2021 Edition ,£54.95,https://www.whiskyshop.com/character-of-islay-premium-tasting-set-5x3cl
The Octave Ardmore 2010 11 Year Old,£115.00,https://www.whiskyshop.com/the-octave-ardmore-2010-11-year-old
The Octave Dalmunach 2016 5 Year Old,£67.00,https://www.whiskyshop.com/the-octave-dalmunach-2016
Lindores Abbey The Casks of Lindores Bourbon,£55.00,https://www.whiskyshop.com/lindores-abbey-the-casks-of-lindores-bourbon
Glenfiddich 21 Year Old Chinese New Year Edition 2022,£165.00,https://www.whiskyshop.com/glenfiddich-21-year-old-chinese-new-year-edition-2021
Ardnamurchan Single Malt AD 10.21:06 ,£46.00,https://www.whiskyshop.com/ardnamurchan-single-malt-ad-10-21-06
Isle of Raasay Single Malt Batch 2,£50.00,https://www.whiskyshop.com/isle-of-raasay-single-malt-batch-2
Johnnie Walker Black Label Gift Pack with 2 Highball Glass,£39.00,https://www.whiskyshop.com/johnnie-walker-black-label-gift-pack-with-2-highball-glass
Johnnie Walker Black Label Gift Pack,£38.00,https://www.whiskyshop.com/johnnie-walker-black-label-gift-pack
Johnnie Walker Gold Label Cracker Pack,£22.00,https://www.whiskyshop.com/johnnie-walker-gold-label-cracker-pack
Johnnie Walker Red Gift Tin,£28.00,https://www.whiskyshop.com/johnnie-walker-red-gift-tin
Secret Santa Christmas Whisky Gift Set,£30.00,https://www.whiskyshop.com/secret-santa-whisky-gift-set
Naughty & Nice Whisky Gift Set - Blue,£30.00,https://www.whiskyshop.com/naughty-nice-whisky-gift-set-blue
Glengoyne 36 Year Old Russell Family Cask,"£3,595.00",https://www.whiskyshop.com/glengoyne-36-year-old-russell-family-cask
Old & Rare Magnum Ardbeg 1991 30 Year Old 1.5L,"£3,999.00",https://www.whiskyshop.com/magnum-ardbeg-1991-30-year-old
Eidolon Port Ellen 1983 36 Year Old,"£2,999.00",https://www.whiskyshop.com/eidolon-port-ellen-1983-36-year-old
Macallan A Night on Earth in Scotland,,https://www.whiskyshop.com/macallan-a-night-on-earth-in-scotland
The Macallan Harmony Collection Rich Cacao,,https://www.whiskyshop.com/the-macallan-harmony-collection-rich-cacao
Black Bull 21 Year Old ,£115.00,https://www.whiskyshop.com/black-bull-21-year-old
Kilchoman 100% Islay 11th Edition ,£78.00,https://www.whiskyshop.com/kilchoman-100-islay-11th-edition
Johnnie Walker 18 Year Old Gift Set,£87.00,https://www.whiskyshop.com/johnnie-walker-18-year-old-gift-set-with
Johnnie Walker Gold Gift Set ,£57.00,https://www.whiskyshop.com/johnnie-walker-gold-gift-set-2x5cl
Glen Scotia 12 Year Old Seasonal Release 2021,£74.99,https://www.whiskyshop.com/glen-scotia-seasonal-release-2021
The Loch Fyne Fynest Bunnahabhain 19 Year Old,£156.00,https://www.whiskyshop.com/the-loch-fyne-fynest-bunnahabhain-19-year-old
Highland Park 15 Year Old,£80.00,https://www.whiskyshop.com/highland-park-15-year-old
Johnnie Walker Blue Label Ghost & Rare: Pittyvaich ,£275.00,https://www.whiskyshop.com/johnnie-walker-ghost-and-rare-pittyvaich
Black Bottle Double Cask,£25.99,https://www.whiskyshop.com/black-bottle-double-cask
Black Bottle Island Smoke,£25.99,https://www.whiskyshop.com/black-bottle-island-smoke
BenRiach 2009 11 Year Old Cask #4833 Batch 17 ,£90.00,https://www.whiskyshop.com/benriach-2009-11-year-old-cask-4833-batch-17
Glenglassaugh 10 Year Old Cask #2140 ,£91.00,https://www.whiskyshop.com/glenglassaugh-10-year-old-cask-2140
Chivas Regal The Icon,"£2,250.00",https://www.whiskyshop.com/chivas-regal-the-icon
The Kinship Bunnahabhain 31 Year Old 1989,£496.00,https://www.whiskyshop.com/the-kinship-bunnahabhain-1989-31-year-old
Strathisla 1985 35 Year Old Private Collection,"£1,000.00",https://www.whiskyshop.com/strathisla-1985-private-collection
GlenKeir Treasures Coimeasgadh Blended Malt,£55.00,https://www.whiskyshop.com/glenkeir-treasure-coimeasgadh-blended-malt
Glenkeir Treasure Carribean Blended Rum ,£40.00,https://www.whiskyshop.com/glenkeir-carribean-blended-rum
Black Bull 40 year old,£830.00,https://www.whiskyshop.com/black-bull-40-year-old
The Kinship Caol Ila 40 Year Old 1980,"£1,500.00",https://www.whiskyshop.com/caol-ila-1980-40-year-old-kinship
Macallan 30 Year Old Double Cask 2021,"£4,250.00",https://www.whiskyshop.com/macallan-30-year-old-double-cask-2021
Glen Moray Warehouse 1 1998 Barolo Finish ,£145.00,https://www.whiskyshop.com/glen-moray-warehouse-1-1998-barolo-finish
Royal Lochnagar 16 Year Old Diageo Special Release 2021 ,£200.00,https://www.whiskyshop.com/royal-lochnagar-16-year-old-diageo-special-release-2021
Cardhu 14 Year Old Diageo Special Release 2021,£120.00,https://www.whiskyshop.com/cardhu-14-year-old-diageo-special-release-2021
Lagavulin 26 Year Old Diageo Special Release 2021,"£1,650.00",https://www.whiskyshop.com/lagavulin-26yo-diageo-special-release-2021
Oban 12 Year Old Diageo Special Release 2021 ,£105.00,https://www.whiskyshop.com/oban-13-year-old-diageo-special-release-2021-56-2
Lagavulin 12 Year Old Diageo Special Release 2021,£130.00,https://www.whiskyshop.com/lagavulin-12-year-old-diageo-special-release-2021
Mortlach 13 Year Old Diageo Special Release 2021 ,£135.00,https://www.whiskyshop.com/mortlach-13-year-old-diageo-special-release-2021
Singleton of Glendullan 19 Year Old Diageo Special Release 2021,£140.00,https://www.whiskyshop.com/singleton-of-glendullan-19-year-old-diageo-special-release-2021
Talisker 8 Year Old Diageo Special Release 2021 ,£90.00,https://www.whiskyshop.com/talisker-8-year-old-diageo-special-release-2021
Glenrothes 25 Year Old ,£385.00,https://www.whiskyshop.com/glenrothes-25-year-old
Darkness Strathisla 15 Year Old Moscatel Cask Finish,£181.00,https://www.whiskyshop.com/darkness-strathisla-15-year-old-moscatel-cask-finish
Darkness Glenrothes 12 Year Old Oloroso Cask Finish ,£65.00,https://www.whiskyshop.com/darkness-glenrothes-12-year-old-oloroso-cask-finish-61-3-50cl
Darkness Campbeltown 6 Year Old Oloroso Cask Finish,£58.00,https://www.whiskyshop.com/darkness-campbeltown-6-year-old-oloroso-cask-finish
Darkness Craigellachie 11 Year Old Oloroso Cask Finish ,£78.00,https://www.whiskyshop.com/darkness-craigellachie-11-year-old-oloroso-cask-finish
Dalmore 30 Year Old 2021 Release,"£4,500.00",https://www.whiskyshop.com/dalmore-30-year-old-2021-release
Nc'Nean Organic Single Malt,£51.00,https://www.whiskyshop.com/catalog/product/view/id/21965/s/nc-nean-organic-single-malt/category/246/
Monkey Shoulder Fever Tree Gift Pack,£15.00,https://www.whiskyshop.com/monkey-shoulder-fever-tree-gift-pack
Benromach 40 Year Old (2021 Release),"£1,750.00",https://www.whiskyshop.com/benromach-40-year-old
Westport 21 Year Old Batch 1 That Boutique-y Whisky Company,£156.00,https://www.whiskyshop.com/westport-21-year-old-batch-1-that-boutique-y-whisky-company
Strathmill 22 Year Old Batch 7 That Boutique-y Whisky Company ,£205.00,https://www.whiskyshop.com/strathmill-22-year-old-batch-7-that-boutique-y-whisky-company
Bruichladdich 28 Year Old Batch 19 That Boutique-y Whisky Company,£217.00,https://www.whiskyshop.com/bruichladdich-28-year-old-batch-19-that-boutique-y-whisky-company
Aultmore 38 Year Old Batch 17 That Boutique-y Whisky Company ,£715.00,https://www.whiskyshop.com/aultmore-38-year-old-batch-17-that-boutique-y-whisky-company
Nc'Nean 3 Year Old Batch 2 That Boutique-y Whisky Company,£72.00,https://www.whiskyshop.com/nc-nean-3-year-old-that-boutique-y-whisky-company
Glengoyne Time Keeper,£52.00,https://www.whiskyshop.com/glengoyne-time-keeper
Glengoyne Time Capsule Pack 3x20cl ,£67.00,https://www.whiskyshop.com/glengoyne-time-capsule-pack-3x20cl
Glengoyne Time Capsule Miniature Pack 3x5cl,£26.00,https://www.whiskyshop.com/glengoyne-time-capsule-miniature-pack-3x5cl
Ledaig 1999 Pedro Ximénez Cask Matured,£260.00,https://www.whiskyshop.com/ledaig-1999-pedro-ximenez-cask-matured
Tobermory 2004 Oloroso Cask Matured,£135.00,https://www.whiskyshop.com/tobermory-2004-oloroso-cask-matured
Deanston 2008 Oloroso Cask Matured,£83.00,https://www.whiskyshop.com/deanston-2008-oloroso-cask-matured
Bunnahabhain Aonadh,£125.00,https://www.whiskyshop.com/bunnahabhain-aonadh
Tormore 1994 26 Year Old Connoisseurs Choice Batch 21/097,£237.00,https://www.whiskyshop.com/tormore-1994-26-year-old-connoisseurs-choice-batch-21-097
Darkness Benrinnes 14 Year Old Pedro Ximinez Cask Finish,£67.00,https://www.whiskyshop.com/darkness-benrinnes-14yo-px-cask-finish
Laphroaig 25 Year Old Cask Strength 2021,£440.00,https://www.whiskyshop.com/laphroaig-25-year-old-cask-strength-2021
Highland Park Cask Strength Release No. 2,£62.00,https://www.whiskyshop.com/highland-park-cask-strength-batch-2
Glenglassaugh 50 Year Old,"£5,500.00",https://www.whiskyshop.com/glenlassaugh-50-year-old
Gordon & MacPhail Ardmore 1991 Cask Strength,£174.00,https://www.whiskyshop.com/ardmore-1991-cask-strength-gordon-macphail
Loch Lomond 12 Year Old Gift Set 3x20cl,£61.00,https://www.whiskyshop.com/loch-lomond-12-year-old-gift-pack-20cl
Loch Lomond 18 Year Old 20cl,£36.00,https://www.whiskyshop.com/loch-lomond-18-year-old-20cl
Loch Lomond 12 Year Old 20cl,£23.00,https://www.whiskyshop.com/loch-lomond-12-year-old-20cl
Glen Scotia Double Cask & 15 Year Old 2x20cl,£41.00,https://www.whiskyshop.com/glen-scotia-double-cask-glen-scotia-15-year-old-dual-pack
Glen Scotia Double Cask 20cl,£23.00,https://www.whiskyshop.com/glen-scotia-double-cask-20cl
Glen Scotia Double Cask & Glass 20cl,£26.00,https://www.whiskyshop.com/glen-scotia-double-cask-glass-20cl
Glen Scotia 15 Year Old 20cl,£26.00,https://www.whiskyshop.com/glen-scotia-15-year-old-20cl
Braes of Glenlivet 1975 Connoisseurs Choice,£475.00,https://www.whiskyshop.com/braes-of-glenlivet-1975-connoisseurs-choice
Gordon & MacPhail Smith's Glenlivet 1966 47 Year Old,£980.00,https://www.whiskyshop.com/gordon-macphail-smith-s-glenlivet-1966-47-year-old
Gordon & MacPhail Glenlivet 1949 ,"£3,850.00",https://www.whiskyshop.com/glenlivet-1949-gordon-macphail
Port Charlotte Islay Barley 2013 ,£67.00,https://www.whiskyshop.com/port-charlotte-islay-barley-2013
Linkwood 1981 Private Collection ,"£1,250.00",https://www.whiskyshop.com/linkwood-1981-private-collection
Linkwood 1980 40 Year Old Private Collection ,£999.99,https://www.whiskyshop.com/linkwood-1980-40-year-old-private-collection
Dimensions Linkwood 2009 12 Year Old,£93.00,https://www.whiskyshop.com/dimensions-linkwood-2009-12-year-old
Benromach 2012 Peat Smoke Sherry Cask Matured,£51.00,https://www.whiskyshop.com/benromach-2012-peat-smoke-sherry-cask-matured
Singleton of Dufftown 25 Year Old,£340.00,https://www.whiskyshop.com/singleton-of-dufftown-25-year-old
Singleton of Dufftown 21 Year Old,£186.00,https://www.whiskyshop.com/singleton-of-duffton-21-year-old
Character of Islay Bunnahabhain 19 Year Old Wind & Waves 2,£275.00,https://www.whiskyshop.com/bunnahabhain-19yo-wind-and-the-waves-2
Character of Islay Bunnahabhain 10 Year Old Wind & Waves 2,£102.00,https://www.whiskyshop.com/bunnahabhain-2008-10yo-wind-and-the-waves-2
Character of Islay Bowmore 18 Year Old Wind & Waves 2,£275.00,https://www.whiskyshop.com/bowmore-18yo-2002-wind-and-the-waves-2
Loch Lomond 12 Year Old & Glass 20cl,£27.00,https://www.whiskyshop.com/loch-lomond-12yo-glass-20cl
The Octave Laphroaig 2004 16 Year Old,£375.00,https://www.whiskyshop.com/laphroaig-16yo-2004-first-fill-sherry-octave
Gordon & MacPhail Linkwood 25 Year Old Distillery Label,£207.00,https://www.whiskyshop.com/gordon-macphail-linkwood-25-year-old-distillery-label
Littlemill 1991 Connoisseurs Choice,£360.00,https://www.whiskyshop.com/connoisseurs-choice-littlemill-1991
Blended Malt #1 25 Year Old That Boutique-y Whisky Company,£131.00,https://www.whiskyshop.com/blended-malt-25-year-old-that-boutique-y-whisky-company
The MacPhail's Collection Glen Scotia 1992,£117.00,https://www.whiskyshop.com/macphails-collection-glen-scotia-1992
Benromach 1977 #1266,"£1,029.00",https://www.whiskyshop.com/benromach-1977-1266
Ailsa Bay 1.2 Gift Set,£67.00,https://www.whiskyshop.com/ailsa-bay-gift-pack
Glenturret 30 Year Old Platinum Old & Rare,£465.00,https://www.whiskyshop.com/glenturret-30-year-old-platinum-old-rare
Dalmore 29 Year Old Platinum Old & Rare,£475.00,https://www.whiskyshop.com/dalmore-29-year-old-platinum-old-rare
Clynelish 27 Year Old Platinum Old & Rare,£500.00,https://www.whiskyshop.com/clynelish-27-year-old-platinium-old-rare
Balvenie 25 Year Old Rare Marriages,£620.00,https://www.whiskyshop.com/balvenie-rare-marriages-25-year-old
Black Bull Kyloe,£29.00,https://www.whiskyshop.com/black-bull-kyloe
Black Bull 12 Year Old ,£41.00,https://www.whiskyshop.com/black-bull-12-year-old
The Kinship Laphroaig 23 Year Old 1997,£539.00,https://www.whiskyshop.com/laphroaig-1997-23-year-old-kinship
The Kinship Ardbeg 19 Year Old 2001,£497.00,https://www.whiskyshop.com/ardbeg-2001-19-year-old-kinship
The Kinship Bruichladdich 29 Year Old 1991,£532.00,https://www.whiskyshop.com/bruichladdich-29-year-old-the-kinship-1991
Velvet Fig Small Batch,£45.00,https://www.whiskyshop.com/velvet-fig-small-batch
Balblair 2006 #78,£191.00,https://www.whiskyshop.com/balblair-2006-78-the-w-club-exclusive
Gordon & MacPhail Smith's Glenlivet 1974 34 Years Old,£670.00,https://www.whiskyshop.com/gordon-macphail-smith-s-glenlivet-1974-34-years-old
MacPhail's 21 Year Old Gordon & MacPhail,£181.00,https://www.whiskyshop.com/macphail-s-21-year-old-gordon-macphail
Glenlivet 1979 39 Year Old Gordon & MacPhail Archive,£980.00,https://www.whiskyshop.com/glenlivet-1979-39-year-old-cask-19236-g-m-archive
Gordon & Macphail Glen Grant 1966 45 Year Old,£810.00,https://www.whiskyshop.com/gordon-macphail-glen-grant-1966-45-year-old
Glen Grant 1951 bottled in 2013 ,"£3,750.00",https://www.whiskyshop.com/gordon-macphail-glen-grant-1951-60-year-old
Glen Scotia Dunnage Tasting Pack,£52.00,https://www.whiskyshop.com/glen-scotia-dunnage-tasting-pack
Laphroaig 15 Year Old 2005 The Character of Islay Whisky Company,£275.00,https://www.whiskyshop.com/laphroaig-15-year-old-2004-the-character-of-islay-whisky-company
Invergordon 50 Year Old That Boutique-y Whisky Company,£360.00,https://www.whiskyshop.com/invergordon-50-year-old-that-boutique-y-whisky-company
Highland Single Malt #1 42 Year Old That Boutique-y Whisky Company,£410.00,https://www.whiskyshop.com/highland-single-malt-1-42-year-old-that-boutique-y-whisky-company
Green Isle,£33.00,https://www.whiskyshop.com/green-isle
Grace Ile 25 Year Old The Character of Islay Whisky Company,£310.00,https://www.whiskyshop.com/grace-ile-25-year-old-the-character-of-islay-whisky-company
Fiona Macleod 33 Year Old The Character of Islay Whisky Company ,£410.00,https://www.whiskyshop.com/fiona-macleod-33-year-old-the-character-of-islay-whisky-company
Darkness Inchfad 13 Year Old Pedro Ximénez Cask,£67.00,https://www.whiskyshop.com/darkness-inchfad-13-year-old-pedro-ximinez-cask
Darkness Glen Elgin 12 Year Old Moscatel Cask,£67.00,https://www.whiskyshop.com/darkness-glen-elgin-12-year-old-moscatel-cask
Darkness Caperdonich 24 Year Old Pedro Ximinez Cask,£346.00,https://www.whiskyshop.com/darkness-caperdonich-24-year-old-pedro-ximinez-cask
Darkness Balmenach 18 Year Old Moscatel Cask,£93.00,https://www.whiskyshop.com/darkness-balmenach-18-year-old-moscatel-cask
Port Charlotte Pac: 01 2011,£93.00,https://www.whiskyshop.com/port-charlotte-pac-01-2001
Glenmorangie Grand Vintage Malt 1993,£670.00,https://www.whiskyshop.com/glenmorangie-grand-vintage-malt-1993
Laphroaig 10 Year Old Cask Strength 2021 Batch 13,£76.00,https://www.whiskyshop.com/laphroaig-10-year-old-cask-strength-2021
Aerstone 10 Year Old Land Cask,£31.00,https://www.whiskyshop.com/aerstone-10-year-old-land-cask
Aerstone 10 Year Old Sea Cask ,£31.00,https://www.whiskyshop.com/aerstone-10-year-old-sea-cask
Linkwood 12 year old Flora and Fauna,£49.00,https://www.whiskyshop.com/linkwood-12-year-old-flora-and-fauna
Talisker 43 Year Old Xpedition Oak,"£3,500.00",https://www.whiskyshop.com/talisker-43-year-old-xpedition-oak
Laphroaig 10 Year Old Sherry Oak Finish,£67.00,https://www.whiskyshop.com/laphroaig-10-year-old-sherry-oak
Kingsbarns Balcomie,£51.00,https://www.whiskyshop.com/kingsbarns-balcomie
Glenturret 30 Year Old,"£1,500.00",https://www.whiskyshop.com/glenturret-30-year-old
Golden Cask Caol Ila 35 Year Old,£670.00,https://www.whiskyshop.com/caol-ila-35-year-old-golden-cask
Longmorn 1987 33 Year Old Connoisseurs Choice,£870.00,https://www.whiskyshop.com/longmorn-1987-33-year-old-connoisseurs-choice
Strathisla 1987 33 Year Old Connoisseurs Choice,£770.00,https://www.whiskyshop.com/strathisla-1987-33-year-old-connoisseurs-choice
Benrinnes 1990 30 Year Old Connoisseurs Choice,£505.00,https://www.whiskyshop.com/benrinnes-1990-30-year-old-connoisseurs-choice
Littlemill Testament 1976,"£7,999.00",https://www.whiskyshop.com/littlemill-testament-1976
Glen Scotia 10 Year Old Bordeaux Red Wine Finish Campbeltown Malts Festival 2021,£52.00,https://www.whiskyshop.com/glen-scotia-10-year-old-campbeltown-malts-festival-2021
Glenfiddich Grande Couronne 26 Year Old,£460.00,https://www.whiskyshop.com/glenfiddich-grande-couronne-26-year-old
Benriach 21 Year Old The Twenty One,£150.00,https://www.whiskyshop.com/benriach-21-year-old-the-twenty-one
Benriach 25 Year Old The Twenty Five,£335.00,https://www.whiskyshop.com/benriach-25-year-oldd
anCnoc Peatheart Batch 2,£54.00,https://www.whiskyshop.com/ancnoc-peatheart-batch-2
Tamdhu 12 Year Old,£55.00,https://www.whiskyshop.com/tamdhu-12-year-old
Glengoyne Cask Strength Batch 8,£77.00,https://www.whiskyshop.com/glengoyne-cask-strength-batch-8
Glengoyne 25 Year Old,£405.00,https://www.whiskyshop.com/glengoyne-25-year-old
Glengoyne 18 Year Old,£120.00,https://www.whiskyshop.com/glengoyne-18-year-old
Glengoyne 12 Year Old,£51.00,https://www.whiskyshop.com/glengoyne-12-year-old
Glengoyne 10 Year Old,£46.00,https://www.whiskyshop.com/glengoyne-10-year-old
Monkey Shoulder ,£36.00,https://www.whiskyshop.com/monkey-shoulder
Loch Lomond 14 Year Old,£57.00,https://www.whiskyshop.com/loch-lomond-14-year-old
Loch Lomond 20 Year Old Open Course Collection Royal St George’s,£166.00,https://www.whiskyshop.com/loch-lomond-20-year-old-open-course-collection-royal-st-georges
Johnnie Walker Blue Label Legendary Eight,£285.00,https://www.whiskyshop.com/johnnie-walker-blue-label-legendary-eight
Bunnahabhain 30 Year Old,£510.00,https://www.whiskyshop.com/bunnahabhain-30-year-old
Benromach 21 Year Old,£130.00,https://www.whiskyshop.com/benromach-21-year-old
John Walker & Sons King George V,£570.00,https://www.whiskyshop.com/john-walker-sons-king-george-v
Paul John Christmas Edition 2020,£72.00,https://www.whiskyshop.com/paul-john-christmas-edition-2020
Compass Box Magic Cask,£163.00,https://www.whiskyshop.com/compass-box-magic-cask
Johnnie Walker Blue Label Chinese New Year 2021 - Year of the Ox,£231.00,https://www.whiskyshop.com/johnnie-walker-blue-label-chinese-new-year-2021-year-of-the-ox
Balblair 1990 29 Year Old Connoisseurs Choice ,£640.00,https://www.whiskyshop.com/balblair-1990-connoisseurs-choice
Benriach 2005 UK Exclusive Pedro Ximenez Cask #5278,£105.00,https://www.whiskyshop.com/benriach-2005-uk-exclusive-pedro-ximenez-cask-5278
Benriach 2005 UK Exclusive Peated Rum Cask #7553,£125.00,https://www.whiskyshop.com/benriach-2005-14-year-old-7553
Black Bottle 10 Year Old,£29.00,https://www.whiskyshop.com/black-bottle-10-year-old
Character of Islay Bowmore 18 Year Old Wind & Waves #11714,£305.00,https://www.whiskyshop.com/bowmore-18-year-old-wind-waves-11714
The Singleton of Glen Ord 38 Year Old Epicurean Odyssey,"£2,100.00",https://www.whiskyshop.com/the-singleton-of-glen-ord-38-year-old-epicurean-odyssey
Johnnie Walker Gold Icon 200th Anniversary,,https://www.whiskyshop.com/johnnie-walker-gold-icon-200th-anniversary
Drinks By The Dram Whisky Baubles ,£41.00,https://www.whiskyshop.com/drinks-by-the-dram-whisky-baubles
Glenmorangie 12 Year Old Malaga,£83.00,https://www.whiskyshop.com/glenmorangie-12-year-old-malaga
Compass Box Peat Monster Arcana,£77.00,https://www.whiskyshop.com/compass-box-arcana
Wemyss Malts Bunnahabhain 1990 28 Year Old Boat Captain's Brew,£246.00,https://www.whiskyshop.com/bunnahabhain-1990-28-year-old-boat-captains-brew
Wemyss Malts Bowmore 1988 31 Year Old Candied Violets,£580.00,https://www.whiskyshop.com/bowmore-1988-31-year-old-candied-violets
Talisker 10 Year Old 20cl Hot Chocolate Gift Set,£23.00,https://www.whiskyshop.com/talisker-hot-chocolate-gift-set
Singleton of Dufftown 12 Year Old Tumbler Gift Set,£42.00,https://www.whiskyshop.com/catalog/product/view/id/9164/s/singleton-of-dufftown-12-year-old-tumbler-gift-set/category/246/
Johnnie Walker 18 Year Old Glass Gift Set,£87.00,https://www.whiskyshop.com/johnnie-walker-18-year-old-glass-gift-set
Johnnie Walker Black Label Gift Tin,£31.00,https://www.whiskyshop.com/johnnie-walker-black-label-gift-tin
Compass Box Spice Tree Extravaganza,£95.00,https://www.whiskyshop.com/compass-box-spice-tree-extravaganza
Compass Box Rogues Banquet,£191.00,https://www.whiskyshop.com/compass-box-rogues-banquet
Compass Box Juveniles,£98.00,https://www.whiskyshop.com/compass-box-juveniles
Compass Box Flaming Heart,£125.00,https://www.whiskyshop.com/compass-box-flaming-heart
Gordon & MacPhail Glen Grant 1954 59 Year Old,"£2,500.00",https://www.whiskyshop.com/gordon-macphail-glen-grant-1954-59-year-old
Gordon & MacPhail Mortlach 1949 51 Year Old,"£3,999.00",https://www.whiskyshop.com/gordon-macphail-mortlach-1949-51-year-old
Kilchoman Machir Bay Cask Strength Christmas Edition,£58.00,https://www.whiskyshop.com/kilchoman-machir-bay-cask-strength-christmas-edition
Ardbeg Wee Beastie,£40.00,https://www.whiskyshop.com/ardbeg-wee-beastie
Bowmore 15 Year Old Glass Gift Set,£65.00,https://www.whiskyshop.com/bowmore-15-year-old-glass-gift-set
The Loch Fyne Craigellachie 12 Year Old 2008,£83.00,https://www.whiskyshop.com/the-loch-fyne-craigellachie-12-year-old-2008
Johnnie Walker Blue Label 200th Anniversary,£201.00,https://www.whiskyshop.com/johnnie-walker-blue-label-200th-anniversary
GlenAllachie 9 Year Old Rye Cask Finish,£61.00,https://www.whiskyshop.com/glenallachie-9-year-old-rye-cask-finish
Glen Scotia 11 Year Old Sherry Double Cask,£62.00,https://www.whiskyshop.com/glen-scotia-11-year-old-sherry-double
Darkness 8 Year Old,£51.00,https://www.whiskyshop.com/darkness-8-year-old
Character of Islay Tasting Set Pack,£31.00,https://www.whiskyshop.com/character-of-islay-tasting-set-pack
Aerolite Lyndsay Islay 10 Year Old,£46.00,https://www.whiskyshop.com/aerolite-lyndsay-islay-10-year-old
Deanston 1991 Muscat Cask Finish,£280.00,https://www.whiskyshop.com/deanston-1991-muscat-cask-finish
Fettercairn 46 Year Old,"£8,500.00",https://www.whiskyshop.com/fettercairn-46-year-old
Tobermory 12 Year Old 2007 Port Pipe Finish,£105.00,https://www.whiskyshop.com/tobermory-2007-port-pipe-finish
Deanston 2002 Pinot Noir Cask,£115.00,https://www.whiskyshop.com/deanston-2002-pinot-noir-cask
Deanston 2002 Organic,£155.00,https://www.whiskyshop.com/deanston-2002-organic
Bunnahabhain 1997 Moine,£380.00,https://www.whiskyshop.com/bunnahabhain-1997-moine
Tobermory 23 Year Old,£330.00,https://www.whiskyshop.com/tobermory-23-year-old
Benriach The Smoky Ten,£47.00,https://www.whiskyshop.com/benriach-the-twelve-1
Benriach The Original Ten,£46.00,https://www.whiskyshop.com/benriach-original-ten
Benriach The Smoky Twelve,£53.00,https://www.whiskyshop.com/benriach-the-smoky-twelve
Benriach The Twelve,£52.00,https://www.whiskyshop.com/benriach-the-twelve
Loch Lomond 30 Year Old,£510.00,https://www.whiskyshop.com/loch-lomond-30-year-old
Cardhu 11 Year Old Special Releases 2020,£88.00,https://www.whiskyshop.com/cardhu-11-year-old-special-releases-2020
Loch Lomond The English Open Sauternes Cask,£88.00,https://www.whiskyshop.com/loch-lomond-the-english-open
Loch Lomond British Masters Limousin Oak Cask,£88.00,https://www.whiskyshop.com/loch-lomond-british-masters
Loch Lomond The English Championship Rum Cask,£93.00,https://www.whiskyshop.com/loch-lomond-the-english-championship
First Editions Talisker 2010 8 Year Old,£92.00,https://www.whiskyshop.com/first-editions-talisker-2010-8-year-old
Fettercairn 22 Year Old,£207.00,https://www.whiskyshop.com/fettercairn-22-year-old
Port Charlotte OLC: 01 2010 Heavily Peated,£93.00,https://www.whiskyshop.com/port-charlotte-olc-2010
Macallan 1954 47 Year Old Fine & Rare #1902,"£31,995.00",https://www.whiskyshop.com/macallan-1954-47-year-old-fine-rare
Macallan 1940 37 Year Old Fine & Rare ,"£34,995.00",https://www.whiskyshop.com/macallan-1940-37-year-old-fine-rare
The Glenlivet Spectra,£110.00,https://www.whiskyshop.com/glenlivet-spectra
Teacher's Highland Cream,£21.00,https://www.whiskyshop.com/teachers-highland-cream-whisky
Glenallachie 2008 #508,,https://www.whiskyshop.com/glenallachie-2008-508
Balvenie The Edge of Burnhead Wood 19 Year Old,£270.00,https://www.whiskyshop.com/balvenie-the-edge-of-burnhead-wood-19-year-old
First Editions Blair Athol 2009,£72.00,https://www.whiskyshop.com/first-editions-blair-athol-2009
Ardbeg 1972 VELIER,"£6,995.00",https://www.whiskyshop.com/ardbeg-1972-velier
Stylish Whisky Mini Nessie Decanter 10cl,£26.00,https://www.whiskyshop.com/stylish-whisky-mini-nessie-decanter-10cl
Stylish Whisky Mini Golf Decanter 10cl,£26.00,https://www.whiskyshop.com/stylish-whisky-mini-golf-decanter-10cl
Arran Sherry Cask The Bodega,£61.00,https://www.whiskyshop.com/arran-sherry-cask-the-bodega
Arran Quarter Cask The Bothy,£57.00,https://www.whiskyshop.com/arran-quarter-cask-the-bothy
Jura 1989,£620.00,https://www.whiskyshop.com/jura-1989
Glen Moray Rhum Agricole,£61.00,https://www.whiskyshop.com/glen-moray-rhum-agricole
First Editions Glen Garioch 2008,£72.00,https://www.whiskyshop.com/first-editions-glen-garioch-2008-10-year-old
Glenrothes Whisky Maker's Cut,£54.00,https://www.whiskyshop.com/glenrothes-whisky-maker-s-cut
Johnnie Walker Sweet Peat,£31.00,https://www.whiskyshop.com/johnnie-walker-sweet-peat
1770 Peated No.1,£50.00,https://www.whiskyshop.com/1770-peated-no-1
Glendronach 1993 26 Year Old #7434,,https://www.whiskyshop.com/glendronach-1993-26-year-old-7434
The Loch Fyne Gift Box Pick 'n' Mix, £38.00,https://www.whiskyshop.com/the-loch-fyne-gift-builder
The Lost Distillery Co. Discovery Selection Gift Pack 3x5cl,£26.00,https://www.whiskyshop.com/the-lost-distillery-co-discovery-selection-gift-pack-3x5cl
Balblair 25 Year Old,£545.00,https://www.whiskyshop.com/balblair-25-year-old
Glenfiddich Grand Cru 23 Year Old, £227.00,https://www.whiskyshop.com/glenfiddich-grand-cru-23-year-old
Johnnie Walker Taster Gift Set 3x5cl,£21.00,https://www.whiskyshop.com/johnnie-walker-taster-gift-set-3x5cl
The Loch Fyne Aultmore 12 Year Old, £83.00,https://www.whiskyshop.com/the-loch-fyne-aultmore-12-year-old
The Last Drop 56 Year Old,"£3,750.00",https://www.whiskyshop.com/the-last-drop-56-year-old
Jura Gift Pack 3x5cl,£22.00,https://www.whiskyshop.com/jura-gift-pack-3x5cl
Old Pulteney 25 Year Old - 2019,£435.00,https://www.whiskyshop.com/old-pulteney-25-year-old-2019
Talisker 41 Year Old,"£2,900.00",https://www.whiskyshop.com/talisker-41-year-old
Highland Park 12 Year Old,£41.00,https://www.whiskyshop.com/highland-park-12-year-old
The Lost Distillery Co. Dalaruan,£52.00,https://www.whiskyshop.com/the-lost-distillery-co-dalaruan
Auchentoshan Gift Pack 3x5cl,£33.00,https://www.whiskyshop.com/auchentoshan-gift-pack-3x5cl
Loch Lomond 12 Year Old Taster Pack,£27.00,https://www.whiskyshop.com/loch-lomond-12-year-old-taster-pack
Benromach Cask Strength 2009,£57.00,https://www.whiskyshop.com/benromach-cask-strength-2009
Loch Lomond Single Grain,£31.00,https://www.whiskyshop.com/loch-lomond-single-grain
Loch Lomond Signature,£31.00,https://www.whiskyshop.com/loch-lomond-signature
Kilchoman Machir Bay Glass Set,£59.00,https://www.whiskyshop.com/kilchoman-marchir-bay-1
Piper Decanter,£83.00,https://www.whiskyshop.com/piper-decanter
Macallan 10 Year Old Sherry Oak,£360.00,https://www.whiskyshop.com/macallan-10-year-old-sherry-oak-1
Bruichladdich Islay Barley 20cl,£29.00,https://www.whiskyshop.com/bruichladdich-islay-barley-20cl
Bruichladdich The Classic Laddie 20cl,£27.00,https://www.whiskyshop.com/bruichladdich-the-classic-laddie-20cl
Longrow Peated,,https://www.whiskyshop.com/longrow-peated
Glengoyne 21 Year Old,£191.00,https://www.whiskyshop.com/glengoyne-21-year-old
Kilchoman Sanaig ,£57.00,https://www.whiskyshop.com/kilchoman-sanaig
Kilchoman Machir Bay,£50.00,https://www.whiskyshop.com/kilchoman-marchir-bay
1770 Glasgow Single Malt,£50.00,https://www.whiskyshop.com/1770-glasgow-malt
Balvenie The Sweet Toast of American Oak 12 Year Old,£57.00,https://www.whiskyshop.com/balvenie-the-sweet-toast-of-american-oak-12-year-old
Johnnie Walker 18 Year Old,£85.00,https://www.whiskyshop.com/johnnie-walker-18-year-old
Whisky Works King of Trees 10 Year Old,£78.00,https://www.whiskyshop.com/whisky-works-king-of-trees-10-year-old
Tobermory 12 Year Old,£52.00,https://www.whiskyshop.com/tobermory-12-year-old
GlenDronach 1992 26 Year Old The Whisky Shop Exclusive,,https://www.whiskyshop.com/glendronach-1992-26-year-old-the-whisky-shop-exclusive
Balblair 18 Year Old,£130.00,https://www.whiskyshop.com/balblair-18-year-old
Kingsbarns Dream to Dram,£50.00,https://www.whiskyshop.com/kingsbarns-dream-to-dram
Balblair 12 Year Old,£54.00,https://www.whiskyshop.com/balblair-12-year-old
Compass Box The Spaniard,£59.00,https://www.whiskyshop.com/compass-box-the-spaniard
Glenglassaugh Evolution,£57.00,https://www.whiskyshop.com/glenglassaugh-evolution
Balvenie 1971 DCS Chapter 4,"£20,995.00",https://www.whiskyshop.com/balvenie-1971-dcs-chapter-4
Glen Moray Mastery,£930.00,https://www.whiskyshop.com/glen-moray-mastery
Macallan 1940 35 Year Old Fine & Rare,"£40,000.00",https://www.whiskyshop.com/macallan-1940-35-year-old-fine-rare
Glen Scotia Victoriana, £75.00,https://www.whiskyshop.com/glen-scotia-victoriana
Talisker 1953 24 Year Old Connoisseur's Choice,"£3,000.00",https://www.whiskyshop.com/talisker-1953-24-year-old-connoisseur-s-choice
Johnnie Walker Green Label,£50.00,https://www.whiskyshop.com/johnnie-walker-green-label
Glenfiddich 30 Year Old ,£510.00,https://www.whiskyshop.com/glenfiddich-30-year-old
Glenmorangie Original,£37.00,https://www.whiskyshop.com/glenmorangie-original
Royal Lochnagar 12 Year Old,£66.00,https://www.whiskyshop.com/royal-lochnagar-12-year-old
Scotland in a Box,£71.00,https://www.whiskyshop.com/scotland-in-a-box
Port Charlotte Islay Barley 2012 ,£67.00,https://www.whiskyshop.com/port-charlotte-islay-barley
Glenfarclas 1984 ,"£5,500.00",https://www.whiskyshop.com/glenfarclas-1984
Glenfarclas 1975 ,"£5,900.00",https://www.whiskyshop.com/glenfarclas-1975
Glenfarclas 1974,"£3,500.00",https://www.whiskyshop.com/glenfarclas-1974
Glenfarclas 1973,"£3,500.00",https://www.whiskyshop.com/glenfarclas-1973
Glenfarclas 1967,"£3,999.00",https://www.whiskyshop.com/glenfarclas-1967
Glenfarclas 1965,"£3,999.00",https://www.whiskyshop.com/glenfarclas-1965
Glenfarclas 1961,"£4,400.00",https://www.whiskyshop.com/glenfarclas-1961
Glenfarclas 1957,"£10,850.00",https://www.whiskyshop.com/glenfarclas-1957
Stag's Breath,£26.00,https://www.whiskyshop.com/stag-s-breath
Glenfiddich 15 Year Old Solera 20cl,£28.00,https://www.whiskyshop.com/glenfiddich-15-year-old-solera-20cl
Cragganmore Distillers Edition ,£65.00,https://www.whiskyshop.com/cragganmore-distillers-edition
Strathmill 12 year old ,£61.00,https://www.whiskyshop.com/strathmill-12-year-old
Singleton of Dufftown 15 Year Old,£58.00,https://www.whiskyshop.com/singleton-of-dufftown-15-year-old
Blairmhor 8 Year Old 35cl,£21.00,https://www.whiskyshop.com/blairmhor-8-year-old-35cl
Robert Burns Blend ,£29.00,https://www.whiskyshop.com/robert-burns-blend
Compass Box The Peat Monster ,£48.00,https://www.whiskyshop.com/compass-box-the-peat-monster
Knockando 12 year old ,£46.00,https://www.whiskyshop.com/knockando-12-year-old
Glenlossie 10 year old,£62.00,https://www.whiskyshop.com/glenlossie-10-year-old
Glenkinchie 12 year old 20cl,£26.00,https://www.whiskyshop.com/glenkinchie-12-year-old-20cl
Dalwhinnie 15 Year Old 20cl,£27.00,https://www.whiskyshop.com/dalwhinnie-15-year-old-20cl
Cragganmore 12 Year Old 20cl,£26.00,https://www.whiskyshop.com/cragganmore-12-year-old-20cl
Chivas Regal 12 Year Old ,£35.00,https://www.whiskyshop.com/chivas-regal-12-year-old-whisky
Bunnahabhain 25 Year Old,£370.00,https://www.whiskyshop.com/bunnahabhain-25-year-old
Black Bottle,£22.00,https://www.whiskyshop.com/black-bottle
Balvenie Miniature Pack 3x5cl,£29.00,https://www.whiskyshop.com/balvenie-miniature-pack-3x5cl
Arran Machrie Moor ,£57.00,https://www.whiskyshop.com/arran-machrie-moor
Teaninich 10 Year Old,£60.00,https://www.whiskyshop.com/teaninich-10-year-old
Mannochmore 12 Year Old,£60.00,https://www.whiskyshop.com/mannochmore-12-year-old
Johnnie Walker Red Label,£31.00,https://www.whiskyshop.com/johnnie-walker-red-label
Glen Spey 12 Year Old ,£58.00,https://www.whiskyshop.com/glen-spey-12-year-old
Glayva ,£27.00,https://www.whiskyshop.com/glayva
Johnnie Walker Blenders' Batch Directors Edition 2016,"£2,995.00",https://www.whiskyshop.com/johnnie-walker-blenders-batch-directors-edition-2016
Compass Box Malt Whisky Collection,£26.00,https://www.whiskyshop.com/compass-box-malt-whisky-collection
Benrinnes 15 Year Old,£54.00,https://www.whiskyshop.com/benrinnes-15-year-old
Glenrothes 18 Year Old,£114.00,https://www.whiskyshop.com/glenrothes-18-year-old
Glenrothes 12 Year Old,£46.00,https://www.whiskyshop.com/glenrothes-12-year-old
Lost Distillery Co. Gift Pack,£37.00,https://www.whiskyshop.com/the-lost-distillery-co-gift-pack
Johnnie Walker Gold Label Gift Pack,£54.00,https://www.whiskyshop.com/johnnie-walker-gold-label-gift-pack
Chivas Regal Mizunara,£54.00,https://www.whiskyshop.com/chivas-regal-mizunara
Monkey Shoulder Smokey Monkey,£46.00,https://www.whiskyshop.com/monkey-shoulder-smokey-monkey
Mortlach 12 Year Old The Wee Witchie,£52.00,https://www.whiskyshop.com/mortlach-12-year-old-the-wee-witchie
Mortlach 20 Year Old Cowie's Blue Seal,£207.00,https://www.whiskyshop.com/mortlach-20-year-old-cowie-s-blue-seal
Jura 1988,£670.00,https://www.whiskyshop.com/jura-1988
Glenfiddich Fire & Cane,£44.00,https://www.whiskyshop.com/glenfiddich-fire-cane
Ailsa Bay 1.2 Sweet Smoke,£62.00,https://www.whiskyshop.com/ailsa-bay-1-2
Fettercairn 40 Year Old,"£3,000.00",https://www.whiskyshop.com/fettercairn-40-year-old
Fettercairn 28 Year Old,£570.00,https://www.whiskyshop.com/fettercairn-28-year-old
Old Pulteney 18 Year Old,£130.00,https://www.whiskyshop.com/old-pulteney-18-year-old
Old Pulteney 15 Year Old,£78.00,https://www.whiskyshop.com/old-pulteney-15-year-old
Old Pulteney Huddart,£52.00,https://www.whiskyshop.com/old-pulteney-huddart
Macallan M Black,"£8,000.00",https://www.whiskyshop.com/macallan-m-black
The Glenlivet Captain's Reserve,£49.00,https://www.whiskyshop.com/the-glenlivet-captain-s-reserve
Port Charlotte 10 Year Old,£64.00,https://www.whiskyshop.com/port-charlotte-10-year-old
Talisker 40 Year Old,"£2,750.00",https://www.whiskyshop.com/talisker-40-year-old
The Loch Fyne Blend 5cl,£7.00,https://www.whiskyshop.com/the-loch-fyne-blend-5cl
Classic Malts Gentle Collection,£52.00,https://www.whiskyshop.com/classic-malts-gentle-collection
Classic Malts Coastal Collection,£52.00,https://www.whiskyshop.com/classic-malts-coastal-collection
Johnnie Walker Gold Label Reserve,£54.00,https://www.whiskyshop.com/johnnie-walker-gold-label-reserve
Johnnie Walker Blue Label, £156.00,https://www.whiskyshop.com/johnnie-walker-blue-label
Johnnie Walker Black Label,£45.00,https://www.whiskyshop.com/johnnie-walker-black-label
Jura 18 Year Old,£78.00,https://www.whiskyshop.com/jura-18-year-old
Bunnahabhain 40 Year Old,"£2,225.00",https://www.whiskyshop.com/bunnahabhain-40-year-old
Jura Seven Wood,£61.00,https://www.whiskyshop.com/jura-seven-wood
Bunnahabhain Toiteach A Dha,£49.00,https://www.whiskyshop.com/bunnahabhain-toiteach-a-dha
Spice Tree ,£55.00,https://www.whiskyshop.com/spice-tree
Bunnahabhain 1980 Canasta Cask Finish,"£1,800.00",https://www.whiskyshop.com/bunnahabhain-1980-canasta-cask-finish
Jura 12 Year Old,£46.00,https://www.whiskyshop.com/jura-12-year-old
Caol Ila 12 Year Old 20cl,£29.00,https://www.whiskyshop.com/caol-ila-12-year-old-20cl
Shackleton Blended Malt Scotch, £41.00,https://www.whiskyshop.com/shackleton-blended-malt-scotch
Bunnahabhain Stiuireadair,£45.00,https://www.whiskyshop.com/bunnahabhain-stiuireadair
Glenfiddich 21 Year Old 20cl,£48.00,https://www.whiskyshop.com/glenfiddich-21-year-old-20cl
Auchentoshan Gift Pack 3 x 20cl,£71.00,https://www.whiskyshop.com/auchentoshan-gift-pack-3x20cl
Barley Tap and 2 Glasses,£83.00,https://www.whiskyshop.com/barley-tap-and-2-glasses
Glenfiddich IPA Experiment,£59.00,https://www.whiskyshop.com/glenfiddich-ipa-experiment
Laphroaig Lore,£92.00,https://www.whiskyshop.com/laphroaig-lore
Chivas Regal 25 year old,£309.00,https://www.whiskyshop.com/chivas-regal-25-year-old
The Lost Distillery Co. Lossit,£52.00,https://www.whiskyshop.com/the-lost-distillery-co-lossit
Glenglassaugh Torfa,£55.00,https://www.whiskyshop.com/glenglassaugh-torfa
Caol Ila Moch,£72.00,https://www.whiskyshop.com/caol-ila-moch
Highland Park Fire,£217.00,https://www.whiskyshop.com/highland-park-fire
Caol Ila Distillers Edition, £78.00,https://www.whiskyshop.com/caol-ila-distillers-edition
The Lost Distillery Co. Gerston,£52.00,https://www.whiskyshop.com/the-lost-distillery-co-gerston
Robert Burns Malt,£40.00,https://www.whiskyshop.com/robert-burns-malt
Loch Lomond Taster Pack,£26.00,https://www.whiskyshop.com/loch-lomond-taster-pack
Chivas Regal 18 Year Old,£72.00,https://www.whiskyshop.com/chivas-regal-18-year-old
The Loch Fyne Whisky Taster Pack,£26.00,https://www.whiskyshop.com/the-loch-fyne-whisky-gift-pack
anCnoc 18 Year Old,£91.00,https://www.whiskyshop.com/ancnoc-18-year-old
Laphroaig Quarter Cask,£52.00,https://www.whiskyshop.com/laphroaig-quarter-cask
Highland Park 40 Year Old 2019 Release,"£2,999.00",https://www.whiskyshop.com/highland-park-40-year-old-2019-release
Balvenie 30 Year Old ,"£1,499.00",https://www.whiskyshop.com/balvenie-30-year-old
The Lost Distillery Co. Auchnagie,£52.00,https://www.whiskyshop.com/the-lost-distillery-co-auchnagie
Macallan 25 Year Old Sherry Oak ,"£2,095.00",https://www.whiskyshop.com/macallan-25-year-old-sherry-oak-2020
Glen Scotia Taster Pack,£25.00,https://www.whiskyshop.com/glen-scotia-taster-pack
Bowmore 25 Year Old,£389.00,https://www.whiskyshop.com/bowmore-25-year-old
Auchentoshan Three Wood,£63.00,https://www.whiskyshop.com/auchentoshan-three-wood
Glen Scotia 25 Year Old,£500.00,https://www.whiskyshop.com/glen-scotia-25-year-old
Benromach Organic,£47.00,https://www.whiskyshop.com/benromach-organic
Talisker Distillers Edition,£69.00,https://www.whiskyshop.com/talisker-distillers-edition
Glen Scotia 18 Year Old,£92.00,https://www.whiskyshop.com/glen-scotia-18-year-old
Loch Lomond Inchmurrin 12 Year Old,£49.00,https://www.whiskyshop.com/inchmurrin-12-year-old
Cragganmore 12 Year Old,£54.00,https://www.whiskyshop.com/cragganmore-12-year-old
Highland Park 21 Year Old,£217.00,https://www.whiskyshop.com/highland-park-21-year-old
Glenmorangie Quinta Ruban,£51.00,https://www.whiskyshop.com/glenmorangie-quinta-ruban
Glendronach Parliament 21 Year Old,£156.00,https://www.whiskyshop.com/glendronach-parliament-21-year-old
Bowmore 18 Year Old, £114.00,https://www.whiskyshop.com/bowmore-18-year-old
Oban 14 Year Old 20cl,£30.00,https://www.whiskyshop.com/oban-14-year-old-20cl
Deanston Virgin Oak,£48.00,https://www.whiskyshop.com/deanston-virgin-oak
Ledaig 18 Year Old,£92.00,https://www.whiskyshop.com/ledaig-18-year-old
Speyburn 15 Year Old,£70.00,https://www.whiskyshop.com/speyburn-15-year-old
Glenmorangie Nectar d'Or,£67.00,https://www.whiskyshop.com/glenmorangie-nectar-d-or
Oban Little Bay, £68.00,https://www.whiskyshop.com/oban-little-bay
Glen Moray 15 Year Old,£57.00,https://www.whiskyshop.com/glen-moray-15-year-old
Speyburn 10 Year Old,£38.00,https://www.whiskyshop.com/speyburn-10-year-old
Glenmorangie Lasanta,£57.00,https://www.whiskyshop.com/glenmorangie-lasanta
Dailuaine 16 Year Old,£65.00,https://www.whiskyshop.com/dailuaine-16-year-old
Cardhu 18 Year Old,£89.00,https://www.whiskyshop.com/cardhu-18-year-old
Bunnahabhain 18 Year Old, £130.00,https://www.whiskyshop.com/bunnahabhain-18-year-old
Bruichladdich The Classic Laddie Scottish Barley,£54.00,https://www.whiskyshop.com/bruichladdich-the-classic-laddie-scottish-barley
Bowmore 15 Year Old, £69.00,https://www.whiskyshop.com/bowmore-15-year-old
Balvenie 14 Year Old Caribbean Cask,£62.00,https://www.whiskyshop.com/balvenie-14-year-old-caribbean-cask
Auchentoshan 18 Year Old,£99.00,https://www.whiskyshop.com/auchentoshan-18-year-old
Ardbeg Uigeadail, £69.00,https://www.whiskyshop.com/ardbeg-uigeadail
Loch Lomond 18 Year Old, £81.00,https://www.whiskyshop.com/loch-lomond-18-year-old
Clynelish 14 Year Old 20cl,£24.00,https://www.whiskyshop.com/clynelish-14-year-old-20cl
Glen Scotia Double Cask,£46.00,https://www.whiskyshop.com/glen-scotia-double-cask
Deanston 18 Year Old,,https://www.whiskyshop.com/deanston-18-year-old
Oban Distillers Edition, £82.00,https://www.whiskyshop.com/oban-distillers-edition
Lagavulin 16 Year Old,,https://www.whiskyshop.com/lagavulin-16-year-old
Dalwhinnie Winter's Gold,£50.00,https://www.whiskyshop.com/dalwhinnie-winters-gold
Glenkinchie 12 Year Old,£54.00,https://www.whiskyshop.com/glenkinchie-12-year-old
Dalmore 15 Year Old,£83.00,https://www.whiskyshop.com/dalmore-15-year-old
Cardhu 15 Year Old,£67.00,https://www.whiskyshop.com/cardhu-15-year-old
Bunnahabhain 12 Year Old, £48.00,https://www.whiskyshop.com/bunnahabhain-12-year-old
Bruichladdich Islay Barley,£69.00,https://www.whiskyshop.com/bruichladdich-islay-barley
Bowmore 12 Year Old, £47.00,https://www.whiskyshop.com/bowmore-12-year-old
Ardbeg Corryvreckan,£70.00,https://www.whiskyshop.com/ardbeg-corryvreckan
The Loch Fyne Chocolate & Orange Liqueur,£30.00,https://www.whiskyshop.com/the-loch-fyne-chocolate-orange-liqueur
The Loch Fyne Blend,£25.00,https://www.whiskyshop.com/the-loch-fyne-blend
Old Pulteney 12 Year Old,£45.00,https://www.whiskyshop.com/old-pulteney-12-year-old
Oban 14 Year Old,£67.00,https://www.whiskyshop.com/oban-14-year-old
Glenmorangie 18 Year Old,,https://www.whiskyshop.com/glenmorangie-18-year-old
Glenfiddich 12 Year Old,£46.00,https://www.whiskyshop.com/glenfiddich-12-year-old
Deanston 12 Year Old,£50.00,https://www.whiskyshop.com/deanston-12-year-old
Dalwhinnie 15 Year Old,£52.00,https://www.whiskyshop.com/dalwhinnie-15-year-old
Dalmore 12 Year Old,£59.00,https://www.whiskyshop.com/dalmore-12-year-old
Craigellachie 13 Year Old,£57.00,https://www.whiskyshop.com/craigellachie-13-year-old
Clynelish 14 Year Old,£53.00,https://www.whiskyshop.com/clynelish-14-year-old
Cardhu 12 Year Old,£52.00,https://www.whiskyshop.com/cardhu-12-year-old
Caol Ila 12 Year Old, £53.00,https://www.whiskyshop.com/caol-ila-12-year-old
Blair Athol 12 Year Old,£54.00,https://www.whiskyshop.com/blair-athol-12-year-old
Balvenie 12 Year Old DoubleWood,£46.00,https://www.whiskyshop.com/balvenie-12-year-old-doublewood
Aultmore 12 Year Old,£52.00,https://www.whiskyshop.com/aultmore-12-year-old
Auchentoshan 12 Year Old,£48.00,https://www.whiskyshop.com/auchentoshan-12-year-old
Balvenie 50 Year Old Marriage #0614,"£34,250.00",https://www.whiskyshop.com/balvenie-50-year-old-cask-0614
Fettercairn 50 Year Old,"£17,995.00",https://www.whiskyshop.com/fettercairn-50-year-old
The Singleton 54 Year Old Paragon of Time II,"£28,850.00",https://www.whiskyshop.com/singleton-54-year-old
Glenfiddich 21 Year Old,£156.00,https://www.whiskyshop.com/glenfiddich-21-year-old-gran-reserva
The Octave Glengarioch 2012 9 Year Old ,£99.00,https://www.whiskyshop.com/the-octave-glengarioch-2012-9-year-old
Fettercairn 16 Year Old 2nd Release 2021,£69.99,https://www.whiskyshop.com/fettercairn-16-year-old-2nd-release
Winter Warmers Whisky Gift Set,£30.00,https://www.whiskyshop.com/winter-warmers-whisky-gift-pack
Not Socks Again Christmas Whisky Gift Set,£30.00,https://www.whiskyshop.com/not-socks-again-whisky-gift-set
Naughty & Nice Whisky Gift Set - Black,£30.00,https://www.whiskyshop.com/naughty-nice-whisky-gift-set-black
Fishing Tackle Whisky Gift Set,£30.00,https://www.whiskyshop.com/fishing-tackle-whisky-gift-pack
Christmas Crackers Whisky Gift Set,£30.00,https://www.whiskyshop.com/christmas-crackers-whisky-gift-pack
Christmas Bow Whisky Gift Set,£30.00,https://www.whiskyshop.com/christmas-bow-whisky-gift-pack
Cheers Christmas Whisky Gift Set,£30.00,https://www.whiskyshop.com/cheers-whisky-gift-pack
Boring Documents Whisky Gift Set,£30.00,https://www.whiskyshop.com/boring-documents-whisky-gift-pack
Bar Humbug Christmas Whisky Gift Set,£30.00,https://www.whiskyshop.com/bar-humbug-christmas-whisky-gift-pack
Glen Moray 2008 Warehouse 1 Manzanilla Finish,£74.95,https://www.whiskyshop.com/glen-moray-2008-warhouse-1-manzanilla-finish
First Editions Laphroaig 2004 16 Year Old ,£299.00,https://www.whiskyshop.com/first-editions-laphroaig-2004-16-year-old
Old Malt Cask Tamdhu 14 Year Old,£105.00,https://www.whiskyshop.com/tamdhu-14-year-old-old-malt-cask
Dalmore 15 Year Old Pedestal Gift Tin,£85.00,https://www.whiskyshop.com/dalmore-15-year-old-pedestal-gift-tin
Dalmore 12 Year Old Pedestal Gift Tin ,£60.00,https://www.whiskyshop.com/dalmore-12-year-old-pedestal-gift-tin
Bunnahabhain 12 Year Old Cask Strength ,£75.00,https://www.whiskyshop.com/bunnahabhain-12-year-old-cask-strength
Dalmore 25 Year Old 2021,£950.00,https://www.whiskyshop.com/dalmore-25-year-old-2021
The Loch Fyne Fynest Invergordon 45 Year Old ,£309.00,https://www.whiskyshop.com/the-loch-fyne-fynest-invergordon-45-year-old
The Loch Fyne Fynest Glengoyne 20 Year Old,£360.00,https://www.whiskyshop.com/loch-fyne-fynest-glengoyne-20-year-old
Darkness Craigellachie 11 Year Old Moscatel Cask Finish ,£95.00,https://www.whiskyshop.com/darkness-craigellachie-11-year-old-moscatel-cask-finish
BenRiach 12 Year Old #4830 ,£102.00,https://www.whiskyshop.com/benriach-12-year-old-4830
The Loch Fyne Caol Ila 10 Year Old 2010,£62.00,https://www.whiskyshop.com/loch-fyne-caol-ila-10-year-old-2010
Balvenie Tun 1509 Batch 8 ,£330.00,https://www.whiskyshop.com/balvenie-tun-1509-batch-8
Loch Lomond 2011 #20/895 ,£60.00,https://www.whiskyshop.com/loch-lomond-2011-20-895
Stylish Whisky Barrel Single Malt Scotch Whisky Decanter with 2 Glasses,£46.00,https://www.whiskyshop.com/stylish-whisky-barrel-single-malt-scotch-whisky-decanter-with-2-glasses
First Editions Mortlach 2010,£81.00,https://www.whiskyshop.com/first-editions-mortlach-2010-11-year-old
First Editions Glen Moray 2007 14 Year Old,£95.00,https://www.whiskyshop.com/first-edition-glen-moray-2007-14-year-old
Ardnamurchan AD/07.21:05,£46.00,https://www.whiskyshop.com/ardnamurchan-ad-07-21-05
Laphroaig 33 Year Old The Ian Hunter Story Book Three,,https://www.whiskyshop.com/laphroaig-33-year-old-the-ian-hunter-story-book-3
The Octave Glen Elgin 2010 10 Year Old,£110.00,https://www.whiskyshop.com/the-octave-glen-elgin-2010-10-year-old-tws-exclusive
Fettercairn Warehouse 2 Batch 2,£57.00,https://www.whiskyshop.com/fettercairn-warehouse-2-batch-2
Highland Park 2008 13yo Octave TWS Exclusive 70cl,£134.00,https://www.whiskyshop.com/highland-park-2008-13yo-octave-tws-exclusive-70cl
Arran 1996 #862 The Whisky Shop London Exclusive,£237.00,https://www.whiskyshop.com/arran-the-whisky-shop-london-exclusive-cask-96-862
Rare Find Allt a Bhaine 24 Year Old,£156.00,https://www.whiskyshop.com/allt-a-bhaine-1996-rare-find-tws-exclusive
Benriach Malting Season,£102.00,https://www.whiskyshop.com/benriach-malting-season
Glenburgie 1995 25 Year Old Connoisseurs Choice,£285.00,https://www.whiskyshop.com/glenburgie-1995-25-year-old-connoisseurs-choice-tws-exclusive
First Editions Macduff 2006 14 Year Old ,£90.00,https://www.whiskyshop.com/first-editions-macduff-2006-14-year-old
Macallan 18 Year Old Sherry Oak 2021,£325.00,https://www.whiskyshop.com/macallan-18-sherry-oak-2021
Black Bull Peated Edition,£33.00,https://www.whiskyshop.com/black-bull-peated-edition
Macallan Rare Cask 2021 Release,£247.00,https://www.whiskyshop.com/macallan-rare-cask-2021-release
Lindores Abbey MCDXCIV,£46.00,https://www.whiskyshop.com/lindores-abbey-mcdxciv
Laphroaig 16 Year Old ,£92.00,https://www.whiskyshop.com/laphroaig-16-year-old
Fettercairn 16 Year Old 1st Release 2020 1 litre,£105.00,https://www.whiskyshop.com/fettercairn-16-year-old-1st-release
Glen Moray Warehouse 1 Tokaji Finish,£77.00,https://www.whiskyshop.com/glen-moray-warehouse-1-tokaji-finish
Rare Find Speyside 1982 39 Year Old,£385.00,https://www.whiskyshop.com/rare-find-speyside-1982-39-year-old
The Octave Dalmore 2004 16 Year Old,£295.00,https://www.whiskyshop.com/the-octave-dalmore-2004-16-year-old
Darkness Craigellachie 12 Year Old,£98.00,https://www.whiskyshop.com/darkness-craigellachie-12-year-old
Loch Lomond 45 Year Old,"£3,450.00",https://www.whiskyshop.com/loch-lomond-45-year-old
Kilchoman 2012 Sherry Cask The W Club Exclusive,£115.00,https://www.whiskyshop.com/kilchoman-2012-sherry-cask-the-w-club-exclusive
First Editions Blair Athol 2012,£69.00,https://www.whiskyshop.com/first-editions-blair-athol-2012-8-year-old
First Editions Glenburgie 2007,£90.00,https://www.whiskyshop.com/first-editions-glenburgie-2007-13-year-old
First Editions Tamnavulin 2010,£72.00,https://www.whiskyshop.com/first-editions-tamnavulin-2010-10-year-old
Old Malt Cask Blair Athol 16 Year Old ,£118.00,https://www.whiskyshop.com/old-malt-cask-blair-athol-16-year-old
First Editions Auchroisk 2011,£70.00,https://www.whiskyshop.com/first-editions-auchroisk-2011-9-year-old
Old Malt Cask Jura 13 Year Old ,£107.00,https://www.whiskyshop.com/old-malt-cask-jura-13-year-old
GlenDronach 1992 27 Year Old Port Pipe Batch 18,£553.00,https://www.whiskyshop.com/glendronach-27yo-1992-cask-5897-batch-18
GlenDronach 1993 27 Year Old Batch 18,£553.00,https://www.whiskyshop.com/glendronach-27yo-1993-cask-7276-batch-18
GlenDronach 1992 27 Year Old Oloroso Puncheon Batch 18,£553.00,https://www.whiskyshop.com/glendronach-27yo-1992-cask-7411-batch-18
GlenDronach 1994 26 Year Old Batch 18,£454.00,https://www.whiskyshop.com/glendronach-26yo-1994-cask-4363-batch-18
Old Malt Cask Glengoyne 13 Year Old ,£98.00,https://www.whiskyshop.com/old-malt-cask-glengoyne-13-year-old
Old Malt Cask Caol Ila 10 Year Old ,£125.00,https://www.whiskyshop.com/old-malt-cask-caol-ila-10-year-old
Arran 1999 #225 The W Club Exclusive,,https://www.whiskyshop.com/arran-1999-225-thew-club-exclusive
Loch Lomond The Open Special Edition,£41.00,https://www.whiskyshop.com/loch-lomond-the-open-special-edition
Aberlour 14 Year Old Double Cask ,£57.00,https://www.whiskyshop.com/aberlour-14-year-old-double-cask
Old Malt Cask Mortlach 13 Year Old,£100.00,https://www.whiskyshop.com/old-malt-cask-mortlach-13-year-old
First Editions Ben Nevis 2011 9 Year Old,£72.00,https://www.whiskyshop.com/first-editions-ben-nevis-9-year-old
anCnoc 2007 #660,£97.00,https://www.whiskyshop.com/ancnoc-2007-660
GlenAllachie 2006 #6620,£102.00,https://www.whiskyshop.com/glenallachie-2006-6620
First Editions Dailuaine 2008,£85.00,https://www.whiskyshop.com/first-editions-dailuaine-2008-11-year-old
First Editions Aultmore 2010,£72.00,https://www.whiskyshop.com/first-editions-aultmore-2010-10-year-old
Johnnie Walker Blue Label Glass Gift Set,£201.00,https://www.whiskyshop.com/johnnie-walker-blue-label-glass-gift-set
Glendronach 27 Year Old #182 Oloroso UK Exclusive Single Cask,£430.00,https://www.whiskyshop.com/glendronach-27-year-old-182-oloroso-uk-exclusive-single-cask
The Loch Fyne Bunnahabhain 14 Year Old 2005,£98.00,https://www.whiskyshop.com/the-loch-fyne-bunnahabhain-14-year-old-2005
Arran Port Wood Cask Finish,£54.00,https://www.whiskyshop.com/arran-port-wood-cask-finish
Arran Sauternes Cask Finish,,https://www.whiskyshop.com/arran-sauternes-cask-finish
The Loch Fyne The Living Cask Batch 10,£46.00,https://www.whiskyshop.com/the-loch-fyne-the-living-cask-batch-10
Macallan 78 Year Old Red Collection,"£100,000.00",https://www.whiskyshop.com/macallan-78-year-old-red-collection
John Walker & Sons 28 Year Old Bicentenary Blend,£760.00,https://www.whiskyshop.com/john-walker-sons-28-year-old-bicentenary-blend
Ledaig 21 Year Old 1998 Marsala Cask Finish,£207.00,https://www.whiskyshop.com/ledaig-1998-marsala-cask-finish
Bunnahabhain 2008 Manzanilla Cask,£155.00,https://www.whiskyshop.com/bunnahabhain-2008-manzanilla-cask
Loch Lomond 21 Year Old,£150.00,https://www.whiskyshop.com/loch-lomond-21-year-old
Dalwhinnie 30 Year Old Special Releases 2020,£570.00,https://www.whiskyshop.com/dalwhinnie-30-year-old-special-releases-2020
Cragganmore 20 Year Old Special Releases 2020,£135.00,https://www.whiskyshop.com/cragganmore-20-year-old-special-releases-2020
Mortlach 21 Year Old Special Releases 2020,£595.00,https://www.whiskyshop.com/mortlach-21-year-old-special-releases-2020
Talisker 8 Year Old Special Releases 2020,£93.00,https://www.whiskyshop.com/talisker-8-year-old-special-releases-2020
Singleton 17 Year Old Special Releases 2020,£115.00,https://www.whiskyshop.com/singleton-17-year-old-special-releases-2020
Macallan 18 Year Old Double Cask, £260.00,https://www.whiskyshop.com/macallan-18-year-old-double-cask
Loch Lomond 12 Year Old Open Edition,£57.00,https://www.whiskyshop.com/loch-lomond-12-year-old-open-edition
Laphroaig 10 Year Old Cask Strength 2020,£80.00,https://www.whiskyshop.com/laphroaig-10-year-old-cask-strength
Glen Moray Madeira Cask Project,,https://www.whiskyshop.com/glen-moray-madeira-cask-project
Old Malt Cask Inchmurrin 23 Year Old,£166.00,https://www.whiskyshop.com/old-malt-cask-inchmurrin-23-year-old
Arran 1995 #217,£232.00,https://www.whiskyshop.com/arran-1995-217
Glenkeir Treasures Twin Casks Secret Highland 11 Year Old,£70.00,https://www.whiskyshop.com/glenkeir-treasures-twin-casks-secret-highland-11-year-old
Glenkeir Treasures Twin Casks Secret Speyside 9 Year Old,£68.00,https://www.whiskyshop.com/glenkeir-treasures-twin-casks-secret-speyside-9-year-old
Dalmore 25 Year Old - 2019,£980.00,https://www.whiskyshop.com/dalmore-25-year-old-2019
Stylish Whisky Mini Piper Decanter 10cl,£26.00,https://www.whiskyshop.com/stylish-whisky-mini-piper-decanter-10cl
Invergordon 21 Year Old The Sovereign,£135.00,https://www.whiskyshop.com/invergordon-21-year-old-the-sovereign
The Loch Fyne The Living Cask Batch 9, £46.00,https://www.whiskyshop.com/the-loch-fyne-the-living-cask-batch-9
Robert Burns Malt Gift Pack,£40.00,https://www.whiskyshop.com/robert-burns-malt-gift-pack
Old and Rare Bunnahabhain 30 Year Old,£580.00,https://www.whiskyshop.com/old-and-rare-bunnahabhain-30-year-old
Old Malt Cask Longmorn 21 Year Old,£156.00,https://www.whiskyshop.com/old-malt-cask-longmorn-21-year-old
First Editions Ardmore 2009,£71.00,https://www.whiskyshop.com/first-editions-ardmore-2009-9-year-old
Bunnahabhain 1988 Marsala Cask Finish,£460.00,https://www.whiskyshop.com/bunnahabhain-1988-marsala-cask-finish
Glenrothes Elders' Reserve 10cl,£21.00,https://www.whiskyshop.com/glenrothes-elders-reserve-10cl
Laphroaig Lore Gift Set,£92.00,https://www.whiskyshop.com/laphroaig-lore-gift-set
Jura 12 Year Old Gift Pack 2019,£46.00,https://www.whiskyshop.com/jura-12-year-old-gift-pack-2019
Glenrothes 1988,£365.00,https://www.whiskyshop.com/glenrothes-1988
Old Malt Cask Tobermory 12 Year Old,£95.00,https://www.whiskyshop.com/old-malt-cask-tobermory-12-year-old
First Editions Dalmore 2008,£81.00,https://www.whiskyshop.com/first-editions-dalmore-2008
Benromach 15 Year Old,£68.00,https://www.whiskyshop.com/benromach-15-year-old
Mortlach 15 Year Old - Game of Thrones Six Kingdoms,£125.00,https://www.whiskyshop.com/mortlach-15-year-old-game-of-thrones-six-kingdoms
GlenAllachie 15 Year Old,£69.00,https://www.whiskyshop.com/glenallachie-15-year-old
Highland Park Esquire,£207.00,https://www.whiskyshop.com/highland-park-esquire
Dalmore Port Wood Reserve Gift Set,£83.00,https://www.whiskyshop.com/dalmore-port-wood-reserve-gift-set
Mortlach 26 Year Old Special Releases 2019,"£1,500.00",https://www.whiskyshop.com/mortlach-26-year-old-special-releases-2019
Old Pulteney 2006 #1448,£102.00,https://www.whiskyshop.com/old-pulteney-2006-1448
Glen Moray 21 Year Old,£150.00,https://www.whiskyshop.com/glen-moray-21-year-old
The Tweeddale Grain of Truth Peated Edition,£50.00,https://www.whiskyshop.com/the-tweeddale-grain-of-truth-peated-edition
Magnum Highland Cream Liqueur,£25.00,https://www.whiskyshop.com/magnum-highland-cream-liqueur
First Editions Caol Ila 2010 8 Year Old,£110.00,https://www.whiskyshop.com/first-editions-caol-ila-2010-8-year-old
First Editions Craigellachie 2011,£72.00,https://www.whiskyshop.com/first-editions-craigellachie-2011-8-year-old
Bruichladdich The Classic Laddie Scottish Barley Gift Pack,£54.00,https://www.whiskyshop.com/bruichladdich-the-classic-laddie-scottish-barley-gift-pack
Littlemill 29 Year Old Private Cellar Edition 2019,"£2,750.00",https://www.whiskyshop.com/littlemill-29-year-old-private-cellar-edition-2019
Glen Scotia 45 Year Old,"£3,800.00",https://www.whiskyshop.com/glen-scotia-45-year-old
Macallan Exceptional Single Cask 1950,"£69,000.00",https://www.whiskyshop.com/macallan-exceptional-single-cask-1950
12 Drams of Christmas - Whisky Selection Box 2020,£69.00,https://www.whiskyshop.com/12-drams-of-christmas
Johnnie Walker Discover Gift Set 5x5cl,£33.00,https://www.whiskyshop.com/johnnie-walker-discover-gift-set-5x5cl
Brora 40 Year Old 200th Anniversary,"£4,500.00",https://www.whiskyshop.com/brora-40-year-old-200th-anniversary
The Loch Fyne Glentauchers 11 Year Old, £78.00,https://www.whiskyshop.com/the-loch-fyne-glentauchers-11-year-old
Johnnie Walker Blue Label Ghost & Rare: Glenury Royal,£285.00,https://www.whiskyshop.com/johnnie-walker-blue-label-ghost-rare-glenury-royal
Compass Box Myths & Legends III,£135.00,https://www.whiskyshop.com/compass-box-myths-legends-iii
Compass Box Myths & Legends II,£135.00,https://www.whiskyshop.com/compass-box-myths-legends-ii
Compass Box Myths & Legends I,£135.00,https://www.whiskyshop.com/compass-box-myths-legends-i
GlenAllachie 25 Year Old,,https://www.whiskyshop.com/glenallachie-25-year-old
Compass Box The Circle,£125.00,https://www.whiskyshop.com/compass-box-the-circle
Compass Box No Name No.2,£115.00,https://www.whiskyshop.com/compass-box-no-name-no-2
anCnoc Peat,£83.00,https://www.whiskyshop.com/ancnoc-peat
Jura Two-One-Two (212),£93.00,https://www.whiskyshop.com/jura-two-one-two
Stylish Whisky Golf Club Decanter 20cl,£46.00,https://www.whiskyshop.com/stylish-whisky-golf-club-decanter-20cl
First Editions Blair Athol 2010,£71.00,https://www.whiskyshop.com/first-editions-blair-athol-2010
First Editions Mortlach 2009,£71.00,https://www.whiskyshop.com/first-editions-mortlach-2009
Port Charlotte Scottish Barley 20cl,£25.00,https://www.whiskyshop.com/port-charlotte-scottish-barley-20cl
First Editions Inchgower 2008 20cl,£27.00,https://www.whiskyshop.com/first-editions-inchgower-2008-20cl
Pot Still Decanter with Tap & 2 Glasses,£83.00,https://www.whiskyshop.com/pot-still-tap-and-glasses
First Editions Tullibardine 2008,£83.00,https://www.whiskyshop.com/first-editions-tullibardine-2008
First Editions Bunnahabhain 2007 - 2018 Edition,£72.00,https://www.whiskyshop.com/first-editions-bunnahabhain-2007-11-year-old
Kilchoman Twin Pack 2x20cl,£56.00,https://www.whiskyshop.com/kilchoman-twin-pack-2x20cl
Kilchoman Sanaig 20cl,£30.00,https://www.whiskyshop.com/kilchoman-sanaig-20cl
The Loch Fyne The Living Cask Batch 8, £46.00,https://www.whiskyshop.com/the-loch-fyne-the-living-cask-batch-8
Arran Master of Distilling II,£78.00,https://www.whiskyshop.com/arran-master-of-distilling-ii
Aultmore 21 Year Old,£186.00,https://www.whiskyshop.com/aultmore-21-year-old
Glenkeir Treasures Secret Islay 10cl,£12.00,https://www.whiskyshop.com/glenkeir-treasures-secret-islay-10cl
Glenkeir Treasures Secret Islay 20cl,£24.00,https://www.whiskyshop.com/glenkeir-treasures-secret-islay-20cl
Glenkeir Treasures Speyburn 10 Year Old 10cl,£13.00,https://www.whiskyshop.com/glenkeir-treasures-speyburn-10-year-old-20cl
Glenkeir Treasures Speyburn 10 Year Old 20cl,£26.00,https://www.whiskyshop.com/glenkeir-treasures-speyburn-10-year-old-20cl-2933
Glenkeir Treasures Secret Speyside 8 Year Old 10cl,£13.00,https://www.whiskyshop.com/glenkeir-treasures-secret-speyside-8-year-old-1
Glenkeir Treasures Secret Speyside 8 Year Old 20cl,£26.00,https://www.whiskyshop.com/glenkeir-treasures-secret-speyside-8-year-old-20cl
Glenkeir Treasures Secret Speyside 8 Year Old ,£55.00,https://www.whiskyshop.com/glenkeir-treasures-secret-speyside-8-year-old
Jura 21 Year Old Tide,£166.00,https://www.whiskyshop.com/jura-21-year-old-tide
First Editions Tamdhu 2007,£76.00,https://www.whiskyshop.com/first-editions-tamdhu-2007
Usquaebach Reserve,£40.00,https://www.whiskyshop.com/usquaebach-reserve
Stylish Whisky Globe Decanter 20cl,£46.00,https://www.whiskyshop.com/stylish-whisky-globe-decanter-20cl
Distiller's Art Royal Brackla 18 Year Old,£124.00,https://www.whiskyshop.com/distillers-art-royal-brackla-18-year-old
Glencairn Whisky Glasses & Auchentoshan 20cl Gift Set,£43.00,https://www.whiskyshop.com/glencairn-whisky-glasses-auchentoshan-20cl-gift-set
First Editions Craigellachie 2006,£79.00,https://www.whiskyshop.com/first-editions-craigellachie-2006
First Editions Benrinnes 2010,£68.00,https://www.whiskyshop.com/first-editions-benrinnes-2010
Old Malt Cask Talisker 8 Year Old,£120.00,https://www.whiskyshop.com/old-malt-cask-talisker-8-year-old
Loch Lomond 25 Year Old Triple Wood,£260.00,https://www.whiskyshop.com/loch-lomond-25-year-old-triple-wood
First Editions Craigellachie 2008 10 Year Old,£72.00,https://www.whiskyshop.com/first-editions-craigellachie-2008
Loch Lomond 2004 Single Cask,£115.00,https://www.whiskyshop.com/loch-lomond-2004-single-cask
Balvenie A Day of Dark Barley 26 Year Old,£645.00,https://www.whiskyshop.com/balvenie-a-day-of-dark-barley-26-year-old
Balvenie The Week of Peat 14 Year Old,£67.00,https://www.whiskyshop.com/balvenie-the-week-of-peat-14-year-old
Loch Lomond The Open Special Edition Distiller's Cut Gift Pack,£57.00,https://www.whiskyshop.com/loch-lomond-the-open-special-edition-distiller-s-cut
Singleton of Glendullan Reserve - Game of Thrones House Tully,£39.00,https://www.whiskyshop.com/singleton-of-glendullan-reserve-game-of-thrones-house-tully
Cardhu Gold Reserve - Game of Thrones House Targaryen,£49.00,https://www.whiskyshop.com/cardhu-gold-reserve-game-of-thrones-house-targaryen
Whisky Works Glaswegian 29 Year Old,£135.00,https://www.whiskyshop.com/whisky-works-glaswegian-29-year-old
Old Malt Cask Glencadam 14 Year Old,£102.00,https://www.whiskyshop.com/old-malt-cask-glencadam-14-year-old
Old Malt Cask Glenburgie 19 Year Old,£130.00,https://www.whiskyshop.com/old-malt-cask-glenburgie-19-year-old
Balblair 15 Year Old,£83.00,https://www.whiskyshop.com/balblair-15-year-old
Old Malt Cask Mortlach 11 Year Old,£98.00,https://www.whiskyshop.com/old-malt-cask-mortlach-11-year-old
Authors' Series Probably Speyside's Finest 1968 50 Year Old - Nathaniel Hawthorne ,"£2,750.00",https://www.whiskyshop.com/authors-series-speyside-s-finest-1967-50-year-old-nathaniel-hawthorne
Authors' Series Tormore 1988 30 Year Old - Charles Baudelaire,£435.00,https://www.whiskyshop.com/tormore-1988-30-year-old-authors-series-charles-baudelaire
Authors' Series Tullibardine 1993 25 Year Old - William Thackeray,£405.00,https://www.whiskyshop.com/tullibardine-1993-25-year-old-authors-series
Springbank 1997 21 year old Authors Series - Oscar Wilde,£645.00,https://www.whiskyshop.com/springbank-1997-21-year-old-authors-series
BenRiach 2005 Whisky Shop Exclusive ,£88.00,https://www.whiskyshop.com/benriach-2005-whisky-shop-exclusive
Macallan 1938 31 Year Old Fine & Rare,"£42,500.00",https://www.whiskyshop.com/macallan-1938-31-year-old-fine-rare
Macallan 1947 15 Year Old Fine & Rare,"£34,000.00",https://www.whiskyshop.com/macallan-1947-15-year-old-fine-rare
Compass Box Hedonism,£75.00,https://www.whiskyshop.com/compass-box-hedonism
BenRiach 12 Year Old Sherry Wood ,£49.00,https://www.whiskyshop.com/benriach-12-year-old-sherry-wood
Glenkeir Treasures Aultmore 7 Year Old,£45.00,https://www.whiskyshop.com/glenkeir-treasures-aultmore-7-year-old
Glenkeir Treasures Glengoyne 9 Year Old,£50.00,https://www.whiskyshop.com/glenkeir-treasures-glengoyne-9-year-old
Mortlach 8 year old GlenKeir Treasure,£45.00,https://www.whiskyshop.com/mortlach-8-year-old-glenkeir-treasure
Glenkeir Treasures Fettercairn 8 Year Old ,£40.00,https://www.whiskyshop.com/glenkeir-treasures-fettercairn-8-year-old
Glenkeir Treasures Craigellachie 9 Year Old,£50.00,https://www.whiskyshop.com/glenkeir-treasures-craigellachie-9-year-old
Old Malt Cask Tamdhu 8 Year Old 20cl,£31.00,https://www.whiskyshop.com/old-malt-cask-tamdhu-8-year-old-20cl
Glenkeir Treasures Secret Islay,£55.00,https://www.whiskyshop.com/glenkeir-treasures-secret-islay
Old Malt Cask Fettercairn 7 Year Old,£29.00,https://www.whiskyshop.com/old-malt-cask-fettercairn-7-year-old-20cl
Ballantine's Miltonduff 17 Year Old,£96.00,https://www.whiskyshop.com/ballantine-s-miltonduff-17-year-old
The John Walker ,"£2,115.00",https://www.whiskyshop.com/the-john-walker
Glenkinchie Distillers Edition,£72.00,https://www.whiskyshop.com/glenkinchie-distillers-edition
Clynelish Select Reserve 2014 Special Release,£510.00,https://www.whiskyshop.com/clynelish-select-reserve-2014-special-release
Glenfarclas 1960,"£4,400.00",https://www.whiskyshop.com/glenfarclas-1960
Glenfarclas 1996 ,£350.00,https://www.whiskyshop.com/glenfarclas-1996
Glenfiddich 18 Year Old 5cl,£12.00,https://www.whiskyshop.com/glenfiddich-18-year-old-5cl
Glenfiddich 15 Year Old Solera 5cl,£8.25,https://www.whiskyshop.com/glenfiddich-15-year-old-solera-5cl
Bowmore Gift Pack 3x20cl,£87.00,https://www.whiskyshop.com/bowmore-gift-pack-3x20cl
Talisker 10 year old 20cl,£27.00,https://www.whiskyshop.com/talisker-10-year-old-20cl
Singleton of Dufftown 18 Year Old,£79.00,https://www.whiskyshop.com/singleton-of-dufftown-18-year-old
Lagavulin 16 year old 20cl,£34.00,https://www.whiskyshop.com/lagavulin-16-year-old-20cl
Johnnie Walker Blue Label 20cl,£62.00,https://www.whiskyshop.com/johnnie-walker-blue-label-20cl
Glenfiddich 12 Year Old 5cl,£6.99,https://www.whiskyshop.com/glenfiddich-12-year-old-5cl
Glen Garioch 12 Year Old 5cl,£11.00,https://www.whiskyshop.com/glen-garioch-12-year-old-5cl
Bowmore 18 Year Old 5cl,£13.00,https://www.whiskyshop.com/bowmore-18-year-old-5cl
Bowmore 15 year old Darkest 5cl ,£11.00,https://www.whiskyshop.com/bowmore-15-year-old-darkest-5cl
Bowmore 12 Year Old 5cl,£10.00,https://www.whiskyshop.com/bowmore-12-year-old-5cl
BenRiach 10 Year Old Curiositas,£48.00,https://www.whiskyshop.com/benriach-10-year-old-curiositas
Auchentoshan Three Wood 5cl,£12.00,https://www.whiskyshop.com/auchentoshan-three-wood-5cl
Auchentoshan 12 year old 5cl,£9.00,https://www.whiskyshop.com/auchentoshan-12-year-old-5cl
Arran Sauternes Wood Finish ,£62.00,https://www.whiskyshop.com/arran-sauternes-wood-finish
Monkey Shoulder,£7.99,https://www.whiskyshop.com/monkey-shoulder-5cl
Johnnie Walker Red Label 5cl,£5.99,https://www.whiskyshop.com/johnnie-walker-red-label-5cl
Johnnie Walker Black Label 5cl,£5.99,https://www.whiskyshop.com/johnnie-walker-black-5cl
Isle of Jura 10 year old 5cl,£11.00,https://www.whiskyshop.com/jura-origin-10-year-old-5cl
The Glenlivet 15 Year Old 5cl,£7.00,https://www.whiskyshop.com/glenlivet-15-year-old-5cl
Glenfarclas 105 5cl,£12.00,https://www.whiskyshop.com/glenfarclas-105-5cl
Glenfarclas 10 Year Old 5cl,£7.99,https://www.whiskyshop.com/glenfarclas-10-year-old-5cl
GlenDronach 18 Year Old 5cl,£16.00,https://www.whiskyshop.com/glendronach-18-year-old-5cl
GlenDronach 12 Year Old 5cl,£7.99,https://www.whiskyshop.com/glendronach-12-year-old-5cl
Bruadar Liqueur,£29.00,https://www.whiskyshop.com/bruadar-liqueur
Bruadar Liqueur 5cl,£6.75,https://www.whiskyshop.com/bruadar-liqueur-5cl
Blue Hanger 8th Limited Release,£102.00,https://www.whiskyshop.com/blue-hanger-8-the-whisky-shop-exclusive
BenRiach 10 year old Curiositas 5cl,£8.00,https://www.whiskyshop.com/benriach-10-year-old-curiositas-5cl
Bell's Blended Scotch Whisky 5cl,£4.99,https://www.whiskyshop.com/bells-8-year-old-5cl
Bell's Blended Scotch Whisky 20cl,£11.00,https://www.whiskyshop.com/bells-8-year-old-20cl
Balvenie 12 Year Old DoubleWood 5cl,£8.25,https://www.whiskyshop.com/balvenie-12-year-old-doublewood-5cl
Arran 10 Year Old 5cl,£6.99,https://www.whiskyshop.com/arran-10-year-old-5cl
Ardbeg 10 Year Old 5cl,£7.50,https://www.whiskyshop.com/ardbeg-10-year-old-5cl
Loch Lomond 19 Year Old Royal Portrush,£166.00,https://www.whiskyshop.com/loch-lomond-19-year-old-royal-portrush
Arran 21 Year Old ,£130.00,https://www.whiskyshop.com/arran-21-year-old
The Loch Fyne The Living Cask Batch 7,£46.00,https://www.whiskyshop.com/the-loch-fyne-the-living-cask-batch-7
First Editions Speyburn 2006,£76.00,https://www.whiskyshop.com/first-editions-speyburn-2006
First Editions Jura 2006,£76.00,https://www.whiskyshop.com/first-editions-jura-2006
The Glenlivet Nadurra Oloroso Cask Finish,£63.00,https://www.whiskyshop.com/the-glenlivet-nadurra-oloroso-cask-finish
Aberlour Casg Annamh,£59.00,https://www.whiskyshop.com/aberlour-casg-annamh
Glen Grant 30 Year Old Platinum Old & Rare,£470.00,https://www.whiskyshop.com/glen-grant-30-year-old-platinum-old-rare
Old Malt Cask Inchgower 20 Year Old,£129.00,https://www.whiskyshop.com/old-malt-cask-inchgower-20-year-old
Mortlach 16 Year Old Distiller's Dram,£83.00,https://www.whiskyshop.com/mortlach-16-year-old-distillers-dram
The Loch Fyne Springbank 28 Year Old,£360.00,https://www.whiskyshop.com/the-loch-fyne-springbank-28-year-old
Laphroaig 20 Year Old Platinum Old & Rare,£425.00,https://www.whiskyshop.com/laphroaig-20-year-old-platinum-old-rare
The Last Drop Glenrothes 1968 Cask 13504,"£5,400.00",https://www.whiskyshop.com/the-last-drop-glenrothes-1968-cask-13504
The Last Drop Glenrothes 1968 Cask 13508,"£5,400.00",https://www.whiskyshop.com/the-last-drop-glenrothes-1968-cask-13508
The Loch Fyne Bunnahabhain 16 Year Old,£115.00,https://www.whiskyshop.com/the-loch-fyne-bunnahabhain-16-year-old
Laphroaig 28 Year Old,£580.00,https://www.whiskyshop.com/laphroaig-28-year-old
GlenDronach 15 Year Old Revival,£64.00,https://www.whiskyshop.com/glendronach-revival-15-year-old
Macallan 30 Year Old Sherry Oak 2020,"£5,250.00",https://www.whiskyshop.com/macallan-30-year-old-sherry-oak-2020
Oban 21 Year Old 2018 Special Release,£460.00,https://www.whiskyshop.com/oban-21-year-old-2018-special-release
Macallan 12 Year Old Triple Cask, £72.00,https://www.whiskyshop.com/macallan-12-year-old-triple-cask
BenRiach 21 Year Old Temporis,£154.00,https://www.whiskyshop.com/benriach-21-year-old-temporis
BenRiach 21 Year Old,£144.00,https://www.whiskyshop.com/benriach-21-year-old
The Loch Fyne The Living Cask Batch 4 5cl,£8.00,https://www.whiskyshop.com/the-loch-fyne-the-living-cask-batch-4-5cl
The Loch Fyne Honey & Ginger Liqueur 5cl,£7.00,https://www.whiskyshop.com/the-loch-fyne-honey-ginger-liqueur-5cl
The Loch Fyne Chocolate & Orange Liqueur 5cl,£7.00,https://www.whiskyshop.com/the-loch-fyne-chocolate-orange-liqueur-5cl
The Tweeddale The Evolution,£181.00,https://www.whiskyshop.com/the-tweeddale-the-evolution
Classic Malt Pack Strong 3 x 20cl,£52.00,https://www.whiskyshop.com/classic-malts-strong-collection
Banff 40 Year Old Platinum Old and Rare,"£1,275.00",https://www.whiskyshop.com/banff-40-year-old-platinum-old-and-rare
Golf Ball on Tee with Tap,£83.00,https://www.whiskyshop.com/golf-ball-on-tee-with-tap
Convalmore 32 Year Old 2017 Special Release,"£1,350.00",https://www.whiskyshop.com/convalmore-32-year-old-2017-special-release
Johnnie Walker King George V,£510.00,https://www.whiskyshop.com/johnnie-walker-king-george-v
Johnnie Walker Double Black,£50.00,https://www.whiskyshop.com/johnnie-walker-double-black
Glenfarclas Mini Pack 3 x 5cl,£33.00,https://www.whiskyshop.com/glenfarclas-miniature-pack
Authors' Series Springbank 1993 Thomas Hardy,£720.00,https://www.whiskyshop.com/authors-series-springbank-1993-thomas-hardy
Old Malt Cask Royal Brackla 19 Year Old,£139.00,https://www.whiskyshop.com/old-malt-cask-royal-brackla-19-year-old
The Sovereign Invergordon 30 Year Old,£166.00,https://www.whiskyshop.com/the-sovereign-invergordon-30-year-old
The Sovereign Strathclyde 30 Year Old,£165.00,https://www.whiskyshop.com/the-sovereign-strathclyde-30-year-old
Caol Ila 36 Year Old Platinum Old & Rare,£760.00,https://www.whiskyshop.com/caol-ila-36-year-old-platinum-old-rare
Dewar's Signature ,£300.00,https://www.whiskyshop.com/dewar-s-signature
Dalmore Port Wood Reserve,£67.00,https://www.whiskyshop.com/dalmore-port-wood-reserve
Glenmorangie The Pioneering Collection,£36.00,https://www.whiskyshop.com/glenmorangie-the-pioneering-collection
Highland Park The Dark,£196.00,https://www.whiskyshop.com/highland-park-the-dark
Authors' Series Jura 1992 Washington Irving,£390.00,https://www.whiskyshop.com/authors-series-jura-1992-washington-irving
Globe Decanter & 4 Glasses,£83.00,https://www.whiskyshop.com/globe-and-4-glasses
Macallan No 6 1824 Series ,"£2,800.00",https://www.whiskyshop.com/macallan-no-6-1824-series
Barrel and 2 Glasses,£83.00,https://www.whiskyshop.com/barrel-and-2-glasses
Old Malt Cask Highland Park 19 Year Old,£309.00,https://www.whiskyshop.com/old-malt-cask-highland-park-19-year-old
Aberlour A'bunadh,£94.00,https://www.whiskyshop.com/aberlour-a-bunadh
Bowmore Vault Edition 1 , £102.00,https://www.whiskyshop.com/bowmore-vault-edition-1
Invergordon 50 Year Old The Sovereign,£879.00,https://www.whiskyshop.com/invergordon-50-year-old-the-sovereign
Glenfiddich Project XX,£52.00,https://www.whiskyshop.com/glenfiddich-project-xx
Bruichladdich 1985 32 Year Old,£720.00,https://www.whiskyshop.com/bruichladdich-1985-32-year-old
Dalmore 35 Year Old,"£4,500.00",https://www.whiskyshop.com/dalmore-35-year-old
First Editions Bunnahabhain 2007,£80.00,https://www.whiskyshop.com/first-editions-bunnahabhain-2007
Old Malt Cask Mortlach 10 Year Old,£98.00,https://www.whiskyshop.com/old-malt-cask-mortlach-10-year-old
The Glenlivet Nadurra Peated,£72.00,https://www.whiskyshop.com/the-glenlivet-nadurra-peated
The Loch Fyne - The Living Cask - Batch 5,£46.00,https://www.whiskyshop.com/the-loch-fyne-the-living-cask-batch-5
First Editions Talisker 2010,£92.00,https://www.whiskyshop.com/first-editions-talisker-2010
Bruichladdich 1984 32 Year Old,£720.00,https://www.whiskyshop.com/bruichladdich-1984-32-year-old
Glenfiddich 26 Year Old Excellence ,£400.00,https://www.whiskyshop.com/glenfiddich-excellence-26-year-old
The Lost Distillery Co. Jericho,£52.00,https://www.whiskyshop.com/the-lost-distillery-co-jericho
Talisker Skye ,£46.00,https://www.whiskyshop.com/talisker-skye
Inchmurrin Taster Pack,£29.00,https://www.whiskyshop.com/inchmurrin-taster-pack
BenRiach Heart of Speyside,£43.00,https://www.whiskyshop.com/benriach-heart-of-speyside
Inchmoan 1992,£237.00,https://www.whiskyshop.com/inchmoan-1992
The Loch Fyne Glentauchers 10 Year Old,£67.00,https://www.whiskyshop.com/the-loch-fyne-glentauchers-10-year-old
Old Malt Cask Craigellachie 20 Year Old 20cl,£59.00,https://www.whiskyshop.com/old-malt-cask-craigellachie-20-year-old-20cl
Dalmore Constellation 1973 cask 10,"£14,314.00",https://www.whiskyshop.com/dalmore-constellation-1973-cask-10
Glenrothes 1976,"£1,000.00",https://www.whiskyshop.com/glenrothes-1976
Benromach 10 Year Old,£43.00,https://www.whiskyshop.com/benromach-10-year-old
Loch Lomond Inchmoan 12 Year Old,£52.00,https://www.whiskyshop.com/inchmoan-12-year-old
The Loch Fyne Craigellachie 10 Year Old 2007,£72.00,https://www.whiskyshop.com/the-loch-fyne-craigellachie-10-year-old-2007
Highland Park 30 Year Old 2019 Release,£830.00,https://www.whiskyshop.com/highland-park-30-year-old
Talisker Port Ruighe,£57.00,https://www.whiskyshop.com/talisker-port-ruighe
anCnoc Peatheart,£61.00,https://www.whiskyshop.com/ancnoc-peatheart
Inchmurrin 18 Year Old,£87.00,https://www.whiskyshop.com/inchmurrin-18-year-old
First Editions Fettercairn 2008,£72.00,https://www.whiskyshop.com/first-editions-fettercairn-2008
Laphroaig Triple Wood,£61.00,https://www.whiskyshop.com/laphroaig-triple-wood
Dalmore King Alexander III,£195.00,https://www.whiskyshop.com/dalmore-king-alexander-iii
Balvenie 21 Year Old PortWood,£171.00,https://www.whiskyshop.com/balvenie-21-year-old-portwood
Auchentoshan 21 Year Old  ,£148.00,https://www.whiskyshop.com/auchentoshan-21-year-old
Arran Gold Cream Liqueur,£23.00,https://www.whiskyshop.com/arran-gold-cream-liqueur
The Loch Fyne Bunnahabhain 12 Year Old,£83.00,https://www.whiskyshop.com/the-loch-fyne-bunnahabhain-12-year-old
Glen Moray 25 Year Old,£181.00,https://www.whiskyshop.com/glen-moray-25-year-old
Dalmore Cigar Malt,£87.00,https://www.whiskyshop.com/dalmore-cigar-malt
Inchmurrin Madeira Wood Finish,£60.00,https://www.whiskyshop.com/inchmurrin-madeira-wood-finish
Longmorn Distiller's Choice,£69.00,https://www.whiskyshop.com/longmorn-distiller-s-choice
Glen Scotia 15 Year Old,£65.00,https://www.whiskyshop.com/glen-scotia-15-year-old
The Loch Fyne Aultmore 10 Year Old,£67.00,https://www.whiskyshop.com/the-loch-fyne-aultmore-10-year-old
Glen Moray 18 Year Old,£85.00,https://www.whiskyshop.com/glen-moray-18-year-old
Arran 18 Year Old,£90.00,https://www.whiskyshop.com/arran-18-year-old
Highland Park 18 Year Old,£115.00,https://www.whiskyshop.com/highland-park-18-year-old
First Editions Benrinnes 2005 12 Year Old,£80.00,https://www.whiskyshop.com/first-editions-benrinnes-2005
Isle of Jura Prophecy,£70.00,https://www.whiskyshop.com/isle-of-jura-prophecy
Girvan Patent Still 25 year old,£205.00,https://www.whiskyshop.com/girvan-patent-still-25-year-old
Dalmore 25 Year Old - 2018,£905.00,https://www.whiskyshop.com/dalmore-25-year-old-whisky
Port Ellen 1983 - Authors' Series - Alfred Tennyson,"£2,800.00",https://www.whiskyshop.com/port-ellen-1983-authors-series-alfred-tennyson
Probably Speyside's Finest 50 Year Old Platinum Old & Rare,"£2,000.00",https://www.whiskyshop.com/probably-speyside-s-finest-50-year-old-platinum-old-rare
Authors' Series Tormore 1988 Frederick Douglass,£410.00,https://www.whiskyshop.com/tormore-1988-authors-series-frederick-douglass
GlenDronach 18 Year Old ,£120.00,https://www.whiskyshop.com/glendronach-18-year-old
Cragganmore 2016 Special Release,£410.00,https://www.whiskyshop.com/cragganmore
Dalmore 18 Year Old,£130.00,https://www.whiskyshop.com/dalmore-18-year-old
Glen Elgin 18 Year Old 2017 Special Release,£310.00,https://www.whiskyshop.com/glen-elgin-18-year-old-2017-special-release
The Loch Fyne Honey & Ginger Liqueur, £30.00,https://www.whiskyshop.com/the-loch-fyne-honey-ginger-liqueur
Glen Moray 12 Year Old,£38.00,https://www.whiskyshop.com/glen-moray-12-year-old
Old Malt Cask Mortlach 8 Year Old 20cl,£32.00,https://www.whiskyshop.com/old-malt-cask-mortlach-8-year-old-20cl
Kininvie 23 Year Old Batch 3,£115.00,https://www.whiskyshop.com/kininvie-23-year-old-batch-3
The Glenlivet 15 Year Old,£62.00,https://www.whiskyshop.com/the-glenlivet-15-year-old
Strathmill 25 Year Old 2014 Special Release,£285.00,https://www.whiskyshop.com/strathmill-25-year-old
Macallan 12 Year Old Sherry Oak, £78.00,https://www.whiskyshop.com/macallan-12-year-old-sherry-oak
Ballantine's 17 Year Old Scapa Edition ,£105.00,https://www.whiskyshop.com/ballantine-s-17-year-old-scapa-edition
Talisker 10 Year Old,£41.00,https://www.whiskyshop.com/talisker-10-year-old
Ballantine's 17 Year Old,£72.00,https://www.whiskyshop.com/ballantines-17-year-old
Auchroisk 10 Year Old,£49.00,https://www.whiskyshop.com/auchroisk-10-year-old
Ardbeg 10 Year Old ,£54.00,https://www.whiskyshop.com/ardbeg-10-year-old-whisky
The Loch Fyne The Living Cask 1745, £78.00,https://www.whiskyshop.com/the-loch-fyne-the-living-cask-1745
anCnoc 12 Year Old,£39.00,https://www.whiskyshop.com/ancnoc-12-year-old
Arran 23 Year Old Drumadoon Point - Explorer Series Vol. 4,,https://www.whiskyshop.com/arran-23-year-old-drumadoon-point-explorer-series-vol-4
Old Fashioned Cocktail Bundle,,https://www.whiskyshop.com/old-fashioned-cocktail-bundle
Loch Lomond The UK Championship Tawny Port Cask,,https://www.whiskyshop.com/loch-lomond-the-uk-championship
The Cally 1974 'Caledonian' 40 Year Old 2015 Special Release,£830.00,https://www.whiskyshop.com/the-cally-1974-caledonian-40-year-old-2015-special-release
Glenfarclas 1966,"£3,999.00",https://www.whiskyshop.com/glenfarclas-1966
Glenfarclas 1972 ,"£2,700.00",https://www.whiskyshop.com/glenfarclas-1972
Glenfarclas 1969,"£3,999.00",https://www.whiskyshop.com/glenfarclas-1969
Glenfarclas 1964,"£3,999.00",https://www.whiskyshop.com/glenfarclas-1964
Bruichladdich Classic Laddie Gift Pack,,https://www.whiskyshop.com/bruichladdich-classic-laddie-gift-pack
The Loch Fyne The Living Cask Batch 6,,https://www.whiskyshop.com/the-loch-fyne-the-living-cask-batch-6
Macallan 12 Year Old Double Cask,,https://www.whiskyshop.com/macallan-12-year-old-double-cask
Macallan 18 Year Old Sherry Oak 2020,,https://www.whiskyshop.com/macallan-18-year-old-sherry-oak-2020
Lagavulin Distillers Edition,,https://www.whiskyshop.com/lagavulin-distillers-edition
Loch Fyne Bunnahabhain 14 Year Old,,https://www.whiskyshop.com/the-loch-fyne-bunnahabhain-14-year-old
