Titulos;Ciudad;Puntuacion;Tipo;Precio;Impuesto;Enlace
Inn Bless Aparthotel;San Andrés;8,2;Habitación Doble con baño privado;1012500;Incluye impuestos y cargos;https://www.booking.com/hotel/co/inn-bless-apartment.es.html?label=gen173nr-1FCAEoggI46AdIM1gEaDKIAQGYAQq4ARfIAQzYAQHoAQH4AQuIAgGoAgO4Asyvs40GwAIB0gIkZTRjOWZjOTEtZDhjYy00ZWY5LWJhMzQtMGFhNzBiNTY0M2Yw2AIG4AIB&sid=420dd3018f25fed92757eeb7bc5adc9e&aid=304142&ucfs=1&arphpl=1&checkin=2022-01-10&checkout=2022-01-15&group_adults=2&req_adults=2&no_rooms=1&group_children=0&req_children=0&hpos=0&hapos=0&sr_order=popularity&srpvid=9d915a5ba0cf0311&srepoch=1638795065&all_sr_blocks=230650403_270083997_2_2_0&highlighted_blocks=230650403_270083997_2_2_0&matching_block_id=230650403_270083997_2_2_0&sr_pri_blocks=230650403_270083997_2_2_0__101250000&from=searchresults&map=1
Apartamentos Yinnam Arrieta;San Andrés;9,0;Apartamento;1137500;+ COP 143.760 de impuestos y cargos;https://www.booking.com/hotel/co/apartamento-yinnam-arrieta-301.es.html?label=gen173nr-1FCAEoggI46AdIM1gEaDKIAQGYAQq4ARfIAQzYAQHoAQH4AQuIAgGoAgO4Asyvs40GwAIB0gIkZTRjOWZjOTEtZDhjYy00ZWY5LWJhMzQtMGFhNzBiNTY0M2Yw2AIG4AIB&sid=420dd3018f25fed92757eeb7bc5adc9e&aid=304142&ucfs=1&arphpl=1&checkin=2022-01-10&checkout=2022-01-15&group_adults=2&req_adults=2&no_rooms=1&group_children=0&req_children=0&hpos=1&hapos=1&sr_order=popularity&srpvid=9d915a5ba0cf0311&srepoch=1638795065&all_sr_blocks=225113902_135804750_2_0_0&highlighted_blocks=225113902_135804750_2_0_0&matching_block_id=225113902_135804750_2_0_0&sr_pri_blocks=225113902_135804750_2_0_0__113750000&from=searchresults&map=1
down town apartamento;San Andrés;4,7;Habitación Cuádruple Clásica;1650000;Incluye impuestos y cargos;https://www.booking.com/hotel/co/sarie-bay-down-town-apartamentos.es.html?label=gen173nr-1FCAEoggI46AdIM1gEaDKIAQGYAQq4ARfIAQzYAQHoAQH4AQuIAgGoAgO4Asyvs40GwAIB0gIkZTRjOWZjOTEtZDhjYy00ZWY5LWJhMzQtMGFhNzBiNTY0M2Yw2AIG4AIB&sid=420dd3018f25fed92757eeb7bc5adc9e&aid=304142&ucfs=1&arphpl=1&checkin=2022-01-10&checkout=2022-01-15&group_adults=2&req_adults=2&no_rooms=1&group_children=0&req_children=0&hpos=2&hapos=2&sr_order=popularity&srpvid=9d915a5ba0cf0311&srepoch=1638795065&all_sr_blocks=718719502_305217905_4_0_0&highlighted_blocks=718719502_305217905_4_0_0&matching_block_id=718719502_305217905_4_0_0&sr_pri_blocks=718719502_305217905_4_0_0__165000000&from=searchresults&map=1
Room in Apartment - Green Sea Villa Helen Inn located at Kilometer 4 Circunvalar;San Andrés;Sin puntos; Habitación Doble;1042800;Incluye impuestos y cargos;https://www.booking.com/hotel/co/room-in-apartment-green-sea-villa-helen-inn-located-at-kilometer-4-circunvalar.es.html?label=gen173nr-1FCAEoggI46AdIM1gEaDKIAQGYAQq4ARfIAQzYAQHoAQH4AQuIAgGoAgO4Asyvs40GwAIB0gIkZTRjOWZjOTEtZDhjYy00ZWY5LWJhMzQtMGFhNzBiNTY0M2Yw2AIG4AIB&sid=420dd3018f25fed92757eeb7bc5adc9e&aid=304142&ucfs=1&arphpl=1&checkin=2022-01-10&checkout=2022-01-15&group_adults=2&req_adults=2&no_rooms=1&group_children=0&req_children=0&hpos=3&hapos=3&sr_order=popularity&srpvid=9d915a5ba0cf0311&srepoch=1638795065&all_sr_blocks=693297202_328977411_2_0_0&highlighted_blocks=693297202_328977411_2_0_0&matching_block_id=693297202_328977411_2_0_0&sr_pri_blocks=693297202_328977411_2_0_0__104279000&from=searchresults&map=1
Apartamentos Martinez;San Andrés;8,5;Apartamento de 1 dormitorio;2250000;Incluye impuestos y cargos;https://www.booking.com/hotel/co/apartamentos-martinez.es.html?label=gen173nr-1FCAEoggI46AdIM1gEaDKIAQGYAQq4ARfIAQzYAQHoAQH4AQuIAgGoAgO4Asyvs40GwAIB0gIkZTRjOWZjOTEtZDhjYy00ZWY5LWJhMzQtMGFhNzBiNTY0M2Yw2AIG4AIB&sid=420dd3018f25fed92757eeb7bc5adc9e&aid=304142&ucfs=1&arphpl=1&checkin=2022-01-10&checkout=2022-01-15&group_adults=2&req_adults=2&no_rooms=1&group_children=0&req_children=0&hpos=4&hapos=4&sr_order=popularity&srpvid=9d915a5ba0cf0311&srepoch=1638795065&all_sr_blocks=195843805_338591498_5_0_0&highlighted_blocks=195843805_338591498_5_0_0&matching_block_id=195843805_338591498_5_0_0&sr_pri_blocks=195843805_338591498_5_0_0__225000000&from=searchresults&map=1
Hostal Marlyn;San Andrés;9,3;Habitación Doble Estándar;1500000;Incluye impuestos y cargos;https://www.booking.com/hotel/co/hostal-marlyn.es.html?label=gen173nr-1FCAEoggI46AdIM1gEaDKIAQGYAQq4ARfIAQzYAQHoAQH4AQuIAgGoAgO4Asyvs40GwAIB0gIkZTRjOWZjOTEtZDhjYy00ZWY5LWJhMzQtMGFhNzBiNTY0M2Yw2AIG4AIB&sid=420dd3018f25fed92757eeb7bc5adc9e&aid=304142&ucfs=1&arphpl=1&checkin=2022-01-10&checkout=2022-01-15&group_adults=2&req_adults=2&no_rooms=1&group_children=0&req_children=0&hpos=5&hapos=5&sr_order=popularity&srpvid=9d915a5ba0cf0311&srepoch=1638795065&all_sr_blocks=162706901_274262516_2_0_0&highlighted_blocks=162706901_274262516_2_0_0&matching_block_id=162706901_274262516_2_0_0&sr_pri_blocks=162706901_274262516_2_0_0__150000000&from=searchresults&map=1
Apartamento Frente al Mar en el Sunrise San Andres;San Andrés;Sin puntos;Apartamento de 2 dormitorios;8529760;+ COP 762.380 de impuestos y cargos;https://www.booking.com/hotel/co/apartamento-frente-al-mar-en-el-sunrise-san-andres.es.html?label=gen173nr-1FCAEoggI46AdIM1gEaDKIAQGYAQq4ARfIAQzYAQHoAQH4AQuIAgGoAgO4Asyvs40GwAIB0gIkZTRjOWZjOTEtZDhjYy00ZWY5LWJhMzQtMGFhNzBiNTY0M2Yw2AIG4AIB&sid=420dd3018f25fed92757eeb7bc5adc9e&aid=304142&ucfs=1&arphpl=1&checkin=2022-01-10&checkout=2022-01-15&group_adults=2&req_adults=2&no_rooms=1&group_children=0&req_children=0&hpos=6&hapos=6&sr_order=popularity&srpvid=9d915a5ba0cf0311&srepoch=1638795065&all_sr_blocks=732290001_326481443_6_0_0&highlighted_blocks=732290001_326481443_6_0_0&matching_block_id=732290001_326481443_6_0_0&sr_pri_blocks=732290001_326481443_6_0_0__852975000&from=searchresults&map=1
Casa con Piscina para Grupos en San Andrés;San Andrés;Sin puntos;Apartamento de 2 dormitorios;9648000;+ COP 951.840 de impuestos y cargos;https://www.booking.com/hotel/co/alojamiento-para-grupos-en-san-andres.es.html?label=gen173nr-1FCAEoggI46AdIM1gEaDKIAQGYAQq4ARfIAQzYAQHoAQH4AQuIAgGoAgO4Asyvs40GwAIB0gIkZTRjOWZjOTEtZDhjYy00ZWY5LWJhMzQtMGFhNzBiNTY0M2Yw2AIG4AIB&sid=420dd3018f25fed92757eeb7bc5adc9e&aid=304142&ucfs=1&arphpl=1&checkin=2022-01-10&checkout=2022-01-15&group_adults=2&req_adults=2&no_rooms=1&group_children=0&req_children=0&hpos=7&hapos=7&sr_order=popularity&srpvid=9d915a5ba0cf0311&srepoch=1638795065&all_sr_blocks=576320701_243666041_10_0_0&highlighted_blocks=576320701_243666041_10_0_0&matching_block_id=576320701_243666041_10_0_0&sr_pri_blocks=576320701_243666041_10_0_0__964800000&from=searchresults&map=1
Cabaña Vacacional con Piscina en San Andres;San Andrés;Sin puntos;Apartamento de 2 dormitorios;9648000;+ COP 851.840 de impuestos y cargos;https://www.booking.com/hotel/co/cabana-vacacional-con-piscina-en-san-luis.es.html?label=gen173nr-1FCAEoggI46AdIM1gEaDKIAQGYAQq4ARfIAQzYAQHoAQH4AQuIAgGoAgO4Asyvs40GwAIB0gIkZTRjOWZjOTEtZDhjYy00ZWY5LWJhMzQtMGFhNzBiNTY0M2Yw2AIG4AIB&sid=420dd3018f25fed92757eeb7bc5adc9e&aid=304142&ucfs=1&arphpl=1&checkin=2022-01-10&checkout=2022-01-15&group_adults=2&req_adults=2&no_rooms=1&group_children=0&req_children=0&hpos=8&hapos=8&sr_order=popularity&srpvid=9d915a5ba0cf0311&srepoch=1638795065&all_sr_blocks=575963901_243666045_10_0_0&highlighted_blocks=575963901_243666045_10_0_0&matching_block_id=575963901_243666045_10_0_0&sr_pri_blocks=575963901_243666045_10_0_0__964800000&from=searchresults&map=1
Apartamento Vacacional con Piscina en San Andres;San Andrés;Sin puntos;Apartamento de 2 dormitorios;7897500;+ COP 711.800 de impuestos y cargos;https://www.booking.com/hotel/co/apartamento-vacacional-con-piscina-en-san-andres.es.html?label=gen173nr-1FCAEoggI46AdIM1gEaDKIAQGYAQq4ARfIAQzYAQHoAQH4AQuIAgGoAgO4Asyvs40GwAIB0gIkZTRjOWZjOTEtZDhjYy00ZWY5LWJhMzQtMGFhNzBiNTY0M2Yw2AIG4AIB&sid=420dd3018f25fed92757eeb7bc5adc9e&aid=304142&ucfs=1&arphpl=1&checkin=2022-01-10&checkout=2022-01-15&group_adults=2&req_adults=2&no_rooms=1&group_children=0&req_children=0&hpos=9&hapos=9&sr_order=popularity&srpvid=9d915a5ba0cf0311&srepoch=1638795065&all_sr_blocks=732480401_326536230_6_0_0&highlighted_blocks=732480401_326536230_6_0_0&matching_block_id=732480401_326536230_6_0_0&sr_pri_blocks=732480401_326536230_6_0_0__789750000&from=searchresults&map=1
Apartamento Para Familias en San Andres;San Andrés;Sin puntos;Apartamento de 1 dormitorio;5771260;+ COP 541.700 de impuestos y cargos;https://www.booking.com/hotel/co/apartamento-para-familias-en-san-andres.es.html?label=gen173nr-1FCAEoggI46AdIM1gEaDKIAQGYAQq4ARfIAQzYAQHoAQH4AQuIAgGoAgO4Asyvs40GwAIB0gIkZTRjOWZjOTEtZDhjYy00ZWY5LWJhMzQtMGFhNzBiNTY0M2Yw2AIG4AIB&sid=420dd3018f25fed92757eeb7bc5adc9e&aid=304142&ucfs=1&arphpl=1&checkin=2022-01-10&checkout=2022-01-15&group_adults=2&req_adults=2&no_rooms=1&group_children=0&req_children=0&hpos=10&hapos=10&sr_order=popularity&srpvid=9d915a5ba0cf0311&srepoch=1638795065&all_sr_blocks=732440101_326527686_4_0_0&highlighted_blocks=732440101_326527686_4_0_0&matching_block_id=732440101_326527686_4_0_0&sr_pri_blocks=732440101_326527686_4_0_0__577125000&from=searchresults&map=1
Casa Lisboa;San Andrés;9,0;Habitación Doble;800000;Incluye impuestos y cargos;https://www.booking.com/hotel/co/casa-lisboa-san-andres.es.html?label=gen173nr-1FCAEoggI46AdIM1gEaDKIAQGYAQq4ARfIAQzYAQHoAQH4AQuIAgGoAgO4Asyvs40GwAIB0gIkZTRjOWZjOTEtZDhjYy00ZWY5LWJhMzQtMGFhNzBiNTY0M2Yw2AIG4AIB&sid=420dd3018f25fed92757eeb7bc5adc9e&aid=304142&ucfs=1&arphpl=1&checkin=2022-01-10&checkout=2022-01-15&group_adults=2&req_adults=2&no_rooms=1&group_children=0&req_children=0&hpos=11&hapos=11&sr_order=popularity&srpvid=9d915a5ba0cf0311&srepoch=1638795065&all_sr_blocks=724444001_329814033_2_0_0&highlighted_blocks=724444001_329814033_2_0_0&matching_block_id=724444001_329814033_2_0_0&sr_pri_blocks=724444001_329814033_2_0_0__80000000&from=searchresults&map=1
Hostal Mar y Mar;San Andrés;8,5;Habitación Doble;1584000;Incluye impuestos y cargos;https://www.booking.com/hotel/co/mar-y-mar.es.html?label=gen173nr-1FCAEoggI46AdIM1gEaDKIAQGYAQq4ARfIAQzYAQHoAQH4AQuIAgGoAgO4Asyvs40GwAIB0gIkZTRjOWZjOTEtZDhjYy00ZWY5LWJhMzQtMGFhNzBiNTY0M2Yw2AIG4AIB&sid=420dd3018f25fed92757eeb7bc5adc9e&aid=304142&ucfs=1&arphpl=1&checkin=2022-01-10&checkout=2022-01-15&group_adults=2&req_adults=2&no_rooms=1&group_children=0&req_children=0&hpos=12&hapos=12&sr_order=popularity&srpvid=9d915a5ba0cf0311&srepoch=1638795065&all_sr_blocks=39130401_291369040_2_0_0&highlighted_blocks=39130401_291369040_2_0_0&matching_block_id=39130401_291369040_2_0_0&sr_pri_blocks=39130401_291369040_2_0_0__158400000&from=searchresults&map=1
Hotel Decameron Maryland All Inclusive;San Andrés;8,7;Habitación Estándar con balcón;7206280;Incluye impuestos y cargos;https://www.booking.com/hotel/co/decameron-maryland.es.html?label=gen173nr-1FCAEoggI46AdIM1gEaDKIAQGYAQq4ARfIAQzYAQHoAQH4AQuIAgGoAgO4Asyvs40GwAIB0gIkZTRjOWZjOTEtZDhjYy00ZWY5LWJhMzQtMGFhNzBiNTY0M2Yw2AIG4AIB&sid=420dd3018f25fed92757eeb7bc5adc9e&aid=304142&ucfs=1&arphpl=1&checkin=2022-01-10&checkout=2022-01-15&group_adults=2&req_adults=2&no_rooms=1&group_children=0&req_children=0&hpos=13&hapos=13&sr_order=popularity&srpvid=9d915a5ba0cf0311&srepoch=1638795065&all_sr_blocks=34690102_231987627_2_85_0&highlighted_blocks=34690102_231987627_2_85_0&matching_block_id=34690102_231987627_2_85_0&sr_pri_blocks=34690102_231987627_2_85_0__720628000&from=searchresults&map=1
On Vacation Blue Tone;San Andrés;6,3;Habitación Doble Estándar - 1 o 2 camas;7715000;Incluye impuestos y cargos;https://www.booking.com/hotel/co/tone.es.html?label=gen173nr-1FCAEoggI46AdIM1gEaDKIAQGYAQq4ARfIAQzYAQHoAQH4AQuIAgGoAgO4Asyvs40GwAIB0gIkZTRjOWZjOTEtZDhjYy00ZWY5LWJhMzQtMGFhNzBiNTY0M2Yw2AIG4AIB&sid=420dd3018f25fed92757eeb7bc5adc9e&aid=304142&ucfs=1&arphpl=1&checkin=2022-01-10&checkout=2022-01-15&group_adults=2&req_adults=2&no_rooms=1&group_children=0&req_children=0&hpos=14&hapos=14&sr_order=popularity&srpvid=9d915a5ba0cf0311&srepoch=1638795065&all_sr_blocks=55903601_325733061_2_1_0&highlighted_blocks=55903601_325733061_2_1_0&matching_block_id=55903601_325733061_2_1_0&sr_pri_blocks=55903601_325733061_2_1_0__771500000&from=searchresults&map=1
Portobelo Beach;San Andrés;7,9;Habitación Doble - 1 o 2 camas;2450000;Incluye impuestos y cargos;https://www.booking.com/hotel/co/portobelo.es.html?label=gen173nr-1FCAEoggI46AdIM1gEaDKIAQGYAQq4ARfIAQzYAQHoAQH4AQuIAgGoAgO4Asyvs40GwAIB0gIkZTRjOWZjOTEtZDhjYy00ZWY5LWJhMzQtMGFhNzBiNTY0M2Yw2AIG4AIB&sid=420dd3018f25fed92757eeb7bc5adc9e&aid=304142&ucfs=1&arphpl=1&checkin=2022-01-10&checkout=2022-01-15&group_adults=2&req_adults=2&no_rooms=1&group_children=0&req_children=0&hpos=15&hapos=15&sr_order=popularity&srpvid=9d915a5ba0cf0311&srepoch=1638795065&all_sr_blocks=40868301_264983901_0_1_0&highlighted_blocks=40868301_264983901_0_1_0&matching_block_id=40868301_264983901_0_1_0&sr_pri_blocks=40868301_264983901_0_1_0__245000000&from=searchresults&map=1
Hostal Olas;San Andrés;9,2;Habitación Triple;1155000;Incluye impuestos y cargos;https://www.booking.com/hotel/co/hostal-olas.es.html?label=gen173nr-1FCAEoggI46AdIM1gEaDKIAQGYAQq4ARfIAQzYAQHoAQH4AQuIAgGoAgO4Asyvs40GwAIB0gIkZTRjOWZjOTEtZDhjYy00ZWY5LWJhMzQtMGFhNzBiNTY0M2Yw2AIG4AIB&sid=420dd3018f25fed92757eeb7bc5adc9e&aid=304142&ucfs=1&arphpl=1&checkin=2022-01-10&checkout=2022-01-15&group_adults=2&req_adults=2&no_rooms=1&group_children=0&req_children=0&hpos=16&hapos=16&sr_order=popularity&srpvid=9d915a5ba0cf0311&srepoch=1638795065&all_sr_blocks=305484503_335281444_2_0_0&highlighted_blocks=305484503_335281444_2_0_0&matching_block_id=305484503_335281444_2_0_0&sr_pri_blocks=305484503_335281444_2_0_0__115500000&from=searchresults&map=1
Azure Lofts & Pool;San Andrés;8,3;Estudio con sofá cama;5100000;Incluye impuestos y cargos;https://www.booking.com/hotel/co/azurelofts-amp-pool.es.html?label=gen173nr-1FCAEoggI46AdIM1gEaDKIAQGYAQq4ARfIAQzYAQHoAQH4AQuIAgGoAgO4Asyvs40GwAIB0gIkZTRjOWZjOTEtZDhjYy00ZWY5LWJhMzQtMGFhNzBiNTY0M2Yw2AIG4AIB&sid=420dd3018f25fed92757eeb7bc5adc9e&aid=304142&ucfs=1&arphpl=1&checkin=2022-01-10&checkout=2022-01-15&group_adults=2&req_adults=2&no_rooms=1&group_children=0&req_children=0&hpos=17&hapos=17&sr_order=popularity&srpvid=9d915a5ba0cf0311&srepoch=1638795065&all_sr_blocks=472362311_146808325_2_1_0&highlighted_blocks=472362311_146808325_2_1_0&matching_block_id=472362311_146808325_2_1_0&sr_pri_blocks=472362311_146808325_2_1_0__510000000&from=searchresults&map=1
Old Sailors North End;San Andrés;8,9;Habitación Doble - 2 camas;950000;Incluye impuestos y cargos;https://www.booking.com/hotel/co/old-sailors-north-end.es.html?label=gen173nr-1FCAEoggI46AdIM1gEaDKIAQGYAQq4ARfIAQzYAQHoAQH4AQuIAgGoAgO4Asyvs40GwAIB0gIkZTRjOWZjOTEtZDhjYy00ZWY5LWJhMzQtMGFhNzBiNTY0M2Yw2AIG4AIB&sid=420dd3018f25fed92757eeb7bc5adc9e&aid=304142&ucfs=1&arphpl=1&checkin=2022-01-10&checkout=2022-01-15&group_adults=2&req_adults=2&no_rooms=1&group_children=0&req_children=0&hpos=18&hapos=18&sr_order=popularity&srpvid=9d915a5ba0cf0311&srepoch=1638795065&all_sr_blocks=543024206_298795070_2_0_0&highlighted_blocks=543024206_298795070_2_0_0&matching_block_id=543024206_298795070_2_0_0&sr_pri_blocks=543024206_298795070_2_0_0__95000000&from=searchresults&map=1
Edificio Sarie Bay;San Andrés;8,6;Apartamento de 3 dormitorios;1500000;Incluye impuestos y cargos;https://www.booking.com/hotel/co/edificia-sarie-bay.es.html?label=gen173nr-1FCAEoggI46AdIM1gEaDKIAQGYAQq4ARfIAQzYAQHoAQH4AQuIAgGoAgO4Asyvs40GwAIB0gIkZTRjOWZjOTEtZDhjYy00ZWY5LWJhMzQtMGFhNzBiNTY0M2Yw2AIG4AIB&sid=420dd3018f25fed92757eeb7bc5adc9e&aid=304142&ucfs=1&arphpl=1&checkin=2022-01-10&checkout=2022-01-15&group_adults=2&req_adults=2&no_rooms=1&group_children=0&req_children=0&hpos=19&hapos=19&sr_order=popularity&srpvid=9d915a5ba0cf0311&srepoch=1638795065&all_sr_blocks=183393801_203679762_2_0_0&highlighted_blocks=183393801_203679762_2_0_0&matching_block_id=183393801_203679762_2_0_0&sr_pri_blocks=183393801_203679762_2_0_0__150000000&from=searchresults&map=1
Suites Yinnam Arrieta;San Andrés;9,0;Apartamento;1750000;+ COP 215.000 de impuestos y cargos;https://www.booking.com/hotel/co/suite-yinnam-arrieta-201.es.html?label=gen173nr-1FCAEoggI46AdIM1gEaDKIAQGYAQq4ARfIAQzYAQHoAQH4AQuIAgGoAgO4Asyvs40GwAIB0gIkZTRjOWZjOTEtZDhjYy00ZWY5LWJhMzQtMGFhNzBiNTY0M2Yw2AIG4AIB&sid=420dd3018f25fed92757eeb7bc5adc9e&aid=304142&ucfs=1&arphpl=1&checkin=2022-01-10&checkout=2022-01-15&group_adults=2&req_adults=2&no_rooms=1&group_children=0&req_children=0&hpos=20&hapos=20&sr_order=popularity&srpvid=9d915a5ba0cf0311&srepoch=1638795065&all_sr_blocks=222652702_244300769_2_0_0&highlighted_blocks=222652702_244300769_2_0_0&matching_block_id=222652702_244300769_2_0_0&sr_pri_blocks=222652702_244300769_2_0_0__175000000&from=searchresults&map=1
AL HAMRA;San Andrés;9,3;Habitación cuádruple;2250000;Incluye impuestos y cargos;https://www.booking.com/hotel/co/al-hamra-san-andres.es.html?label=gen173nr-1FCAEoggI46AdIM1gEaDKIAQGYAQq4ARfIAQzYAQHoAQH4AQuIAgGoAgO4Asyvs40GwAIB0gIkZTRjOWZjOTEtZDhjYy00ZWY5LWJhMzQtMGFhNzBiNTY0M2Yw2AIG4AIB&sid=420dd3018f25fed92757eeb7bc5adc9e&aid=304142&ucfs=1&arphpl=1&checkin=2022-01-10&checkout=2022-01-15&group_adults=2&req_adults=2&no_rooms=1&group_children=0&req_children=0&hpos=21&hapos=21&sr_order=popularity&srpvid=9d915a5ba0cf0311&srepoch=1638795065&all_sr_blocks=443312405_133317265_4_0_0&highlighted_blocks=443312405_133317265_4_0_0&matching_block_id=443312405_133317265_4_0_0&sr_pri_blocks=443312405_133317265_4_0_0__225000000&from=searchresults&map=1
Casa hotel boutique habibi - San Andres Islas;San Andrés;9,4;Casa de 4 dormitorios con piscina compartida;8500000;Incluye impuestos y cargos;https://www.booking.com/hotel/co/casa-boutique-habibi-habitaciones.es.html?label=gen173nr-1FCAEoggI46AdIM1gEaDKIAQGYAQq4ARfIAQzYAQHoAQH4AQuIAgGoAgO4Asyvs40GwAIB0gIkZTRjOWZjOTEtZDhjYy00ZWY5LWJhMzQtMGFhNzBiNTY0M2Yw2AIG4AIB&sid=420dd3018f25fed92757eeb7bc5adc9e&aid=304142&ucfs=1&arphpl=1&checkin=2022-01-10&checkout=2022-01-15&group_adults=2&req_adults=2&no_rooms=1&group_children=0&req_children=0&hpos=22&hapos=22&sr_order=popularity&srpvid=9d915a5ba0cf0311&srepoch=1638795065&all_sr_blocks=764762705_339985743_8_0_0&highlighted_blocks=764762705_339985743_8_0_0&matching_block_id=764762705_339985743_8_0_0&sr_pri_blocks=764762705_339985743_8_0_0__850000000&from=searchresults&map=1
Sea Avenue Hotel;San Andrés;8,5;Habitación Doble Estándar con 2 camas grandes;3510000;Incluye impuestos y cargos;https://www.booking.com/hotel/co/sea-avenue.es.html?label=gen173nr-1FCAEoggI46AdIM1gEaDKIAQGYAQq4ARfIAQzYAQHoAQH4AQuIAgGoAgO4Asyvs40GwAIB0gIkZTRjOWZjOTEtZDhjYy00ZWY5LWJhMzQtMGFhNzBiNTY0M2Yw2AIG4AIB&sid=420dd3018f25fed92757eeb7bc5adc9e&aid=304142&ucfs=1&arphpl=1&checkin=2022-01-10&checkout=2022-01-15&group_adults=2&req_adults=2&no_rooms=1&group_children=0&req_children=0&hpos=23&hapos=23&sr_order=popularity&srpvid=9d915a5ba0cf0311&srepoch=1638795065&all_sr_blocks=753732106_336048331_2_1_0&highlighted_blocks=753732106_336048331_2_1_0&matching_block_id=753732106_336048331_2_1_0&sr_pri_blocks=753732106_336048331_2_1_0__351000000&from=searchresults&map=1
Le Castel Blanc Hotel Boutique;San Andrés;8,1;Suite;2470000;Incluye impuestos y cargos;https://www.booking.com/hotel/co/boutique-le-castel-blanc.es.html?label=gen173nr-1FCAEoggI46AdIM1gEaDKIAQGYAQq4ARfIAQzYAQHoAQH4AQuIAgGoAgO4Asyvs40GwAIB0gIkZTRjOWZjOTEtZDhjYy00ZWY5LWJhMzQtMGFhNzBiNTY0M2Yw2AIG4AIB&sid=420dd3018f25fed92757eeb7bc5adc9e&aid=304142&ucfs=1&arphpl=1&checkin=2022-01-10&checkout=2022-01-15&group_adults=2&req_adults=2&no_rooms=1&group_children=0&req_children=0&hpos=24&hapos=24&sr_order=popularity&srpvid=9d915a5ba0cf0311&srepoch=1638795065&all_sr_blocks=33937201_89164748_0_1_0&highlighted_blocks=33937201_89164748_0_1_0&matching_block_id=33937201_89164748_0_1_0&sr_pri_blocks=33937201_89164748_0_1_0__247000000&from=searchresults&map=1
Viajero Hostel San Andres;San Andrés;7,9;Habitación Doble con baño privado;1360000;Incluye impuestos y cargos;https://www.booking.com/hotel/co/el-viajero-san-andra-c-s-hostel.es.html?label=gen173nr-1FCAEoggI46AdIM1gEaDKIAQGYAQq4ARfIAQzYAQHoAQH4AQuIAgGoAgO4Asyvs40GwAIB0gIkZTRjOWZjOTEtZDhjYy00ZWY5LWJhMzQtMGFhNzBiNTY0M2Yw2AIG4AIB&sid=420dd3018f25fed92757eeb7bc5adc9e&aid=304142&ucfs=1&arphpl=1&checkin=2022-01-10&checkout=2022-01-15&group_adults=2&req_adults=2&no_rooms=1&group_children=0&req_children=0&hpos=0&hapos=25&sr_order=distance_from_search&srpvid=9d915a5ba0cf0311&srepoch=1638795078&all_sr_blocks=34067101_107134603_0_1_0&highlighted_blocks=34067101_107134603_0_1_0&matching_block_id=34067101_107134603_0_1_0&sr_pri_blocks=34067101_107134603_0_1_0__136000000&from=searchresults&map=1
Villa Sarie Bay;San Andrés;8,1;Habitación Doble;831260;Incluye impuestos y cargos;https://www.booking.com/hotel/co/villa-sarie-bay.es.html?label=gen173nr-1FCAEoggI46AdIM1gEaDKIAQGYAQq4ARfIAQzYAQHoAQH4AQuIAgGoAgO4Asyvs40GwAIB0gIkZTRjOWZjOTEtZDhjYy00ZWY5LWJhMzQtMGFhNzBiNTY0M2Yw2AIG4AIB&sid=420dd3018f25fed92757eeb7bc5adc9e&aid=304142&ucfs=1&arphpl=1&checkin=2022-01-10&checkout=2022-01-15&group_adults=2&req_adults=2&no_rooms=1&group_children=0&req_children=0&hpos=1&hapos=26&sr_order=distance_from_search&srpvid=9d915a5ba0cf0311&srepoch=1638795078&all_sr_blocks=108565104_107067183_0_0_0&highlighted_blocks=108565104_107067183_0_0_0&matching_block_id=108565104_107067183_0_0_0&sr_pri_blocks=108565104_107067183_0_0_0__83125000&from=searchresults&map=1
GalyRod House;San Andrés;8,7;Habitación Doble con baño privado;1200000;Incluye impuestos y cargos;https://www.booking.com/hotel/co/galyrod-house.es.html?label=gen173nr-1FCAEoggI46AdIM1gEaDKIAQGYAQq4ARfIAQzYAQHoAQH4AQuIAgGoAgO4Asyvs40GwAIB0gIkZTRjOWZjOTEtZDhjYy00ZWY5LWJhMzQtMGFhNzBiNTY0M2Yw2AIG4AIB&sid=420dd3018f25fed92757eeb7bc5adc9e&aid=304142&ucfs=1&arphpl=1&checkin=2022-01-10&checkout=2022-01-15&group_adults=2&req_adults=2&no_rooms=1&group_children=0&req_children=0&hpos=2&hapos=27&sr_order=distance_from_search&srpvid=9d915a5ba0cf0311&srepoch=1638795078&all_sr_blocks=607705503_238092020_2_0_0&highlighted_blocks=607705503_238092020_2_0_0&matching_block_id=607705503_238092020_2_0_0&sr_pri_blocks=607705503_238092020_2_0_0__120000000&from=searchresults&map=1
FISHERMAN'S House;San Andrés;7,3;Apartamento de 2 dormitorios;850000;Incluye impuestos y cargos;https://www.booking.com/hotel/co/olgas-place.es.html?label=gen173nr-1FCAEoggI46AdIM1gEaDKIAQGYAQq4ARfIAQzYAQHoAQH4AQuIAgGoAgO4Asyvs40GwAIB0gIkZTRjOWZjOTEtZDhjYy00ZWY5LWJhMzQtMGFhNzBiNTY0M2Yw2AIG4AIB&sid=420dd3018f25fed92757eeb7bc5adc9e&aid=304142&ucfs=1&arphpl=1&checkin=2022-01-10&checkout=2022-01-15&group_adults=2&req_adults=2&no_rooms=1&group_children=0&req_children=0&hpos=3&hapos=28&sr_order=distance_from_search&srpvid=9d915a5ba0cf0311&srepoch=1638795078&all_sr_blocks=714296002_338074349_2_0_0&highlighted_blocks=714296002_338074349_2_0_0&matching_block_id=714296002_338074349_2_0_0&sr_pri_blocks=714296002_338074349_2_0_0__85000000&from=searchresults&map=1
Luxurious apartment con vista al mar;San Andrés;Sin puntos;Apartamento de 3 dormitorios;8750000;Incluye impuestos y cargos;https://www.booking.com/hotel/co/luxurious-apartment-con-vista-al-mar.es.html?label=gen173nr-1FCAEoggI46AdIM1gEaDKIAQGYAQq4ARfIAQzYAQHoAQH4AQuIAgGoAgO4Asyvs40GwAIB0gIkZTRjOWZjOTEtZDhjYy00ZWY5LWJhMzQtMGFhNzBiNTY0M2Yw2AIG4AIB&sid=420dd3018f25fed92757eeb7bc5adc9e&aid=304142&ucfs=1&arphpl=1&checkin=2022-01-10&checkout=2022-01-15&group_adults=2&req_adults=2&no_rooms=1&group_children=0&req_children=0&hpos=4&hapos=29&sr_order=distance_from_search&srpvid=9d915a5ba0cf0311&srepoch=1638795078&all_sr_blocks=791056801_338896074_4_0_0&highlighted_blocks=791056801_338896074_4_0_0&matching_block_id=791056801_338896074_4_0_0&sr_pri_blocks=791056801_338896074_4_0_0__875000000&from=searchresults&map=1
Sea Colors Hotel;San Andrés;7,9;Suite Junior con balcón;4090000;Incluye impuestos y cargos;https://www.booking.com/hotel/co/sea-colors.es.html?label=gen173nr-1FCAEoggI46AdIM1gEaDKIAQGYAQq4ARfIAQzYAQHoAQH4AQuIAgGoAgO4Asyvs40GwAIB0gIkZTRjOWZjOTEtZDhjYy00ZWY5LWJhMzQtMGFhNzBiNTY0M2Yw2AIG4AIB&sid=420dd3018f25fed92757eeb7bc5adc9e&aid=304142&ucfs=1&arphpl=1&checkin=2022-01-10&checkout=2022-01-15&group_adults=2&req_adults=2&no_rooms=1&group_children=0&req_children=0&hpos=5&hapos=30&sr_order=distance_from_search&srpvid=9d915a5ba0cf0311&srepoch=1638795078&all_sr_blocks=316872801_337996273_2_1_0&highlighted_blocks=316872801_337996273_2_1_0&matching_block_id=316872801_337996273_2_1_0&sr_pri_blocks=316872801_337996273_2_1_0__409000000&from=searchresults&map=1
Flowers Garden Inn;San Andrés;7,3;Habitación Doble;1608000;Incluye impuestos y cargos;https://www.booking.com/hotel/co/flowers-garden-inn-san-andres-isla1.es.html?label=gen173nr-1FCAEoggI46AdIM1gEaDKIAQGYAQq4ARfIAQzYAQHoAQH4AQuIAgGoAgO4Asyvs40GwAIB0gIkZTRjOWZjOTEtZDhjYy00ZWY5LWJhMzQtMGFhNzBiNTY0M2Yw2AIG4AIB&sid=420dd3018f25fed92757eeb7bc5adc9e&aid=304142&ucfs=1&arphpl=1&checkin=2022-01-10&checkout=2022-01-15&group_adults=2&req_adults=2&no_rooms=1&group_children=0&req_children=0&hpos=6&hapos=31&sr_order=distance_from_search&srpvid=9d915a5ba0cf0311&srepoch=1638795078&all_sr_blocks=573585002_221001060_2_0_0&highlighted_blocks=573585002_221001060_2_0_0&matching_block_id=573585002_221001060_2_0_0&sr_pri_blocks=573585002_221001060_2_0_0__160800000&from=searchresults&map=1
Apartamento Familiar San Andres cerca a la Playa;San Andrés;Sin puntos;Apartamento Dúplex;3471300;+ COP 867.840 de impuestos y cargos;https://www.booking.com/hotel/co/apartamento-duplex-san-andres.es.html?label=gen173nr-1FCAEoggI46AdIM1gEaDKIAQGYAQq4ARfIAQzYAQHoAQH4AQuIAgGoAgO4Asyvs40GwAIB0gIkZTRjOWZjOTEtZDhjYy00ZWY5LWJhMzQtMGFhNzBiNTY0M2Yw2AIG4AIB&sid=420dd3018f25fed92757eeb7bc5adc9e&aid=304142&ucfs=1&arphpl=1&checkin=2022-01-10&checkout=2022-01-15&group_adults=2&req_adults=2&no_rooms=1&group_children=0&req_children=0&hpos=7&hapos=32&sr_order=distance_from_search&srpvid=9d915a5ba0cf0311&srepoch=1638795078&all_sr_blocks=420310101_243666216_0_0_0&highlighted_blocks=420310101_243666216_0_0_0&matching_block_id=420310101_243666216_0_0_0&sr_pri_blocks=420310101_243666216_0_0_0__347130000&from=searchresults&map=1
Hostal Posada San Martín;San Andrés;8,6;Habitación Triple con baño privado;1550000;Incluye impuestos y cargos;https://www.booking.com/hotel/co/hostal-posada-san-martin.es.html?label=gen173nr-1FCAEoggI46AdIM1gEaDKIAQGYAQq4ARfIAQzYAQHoAQH4AQuIAgGoAgO4Asyvs40GwAIB0gIkZTRjOWZjOTEtZDhjYy00ZWY5LWJhMzQtMGFhNzBiNTY0M2Yw2AIG4AIB&sid=420dd3018f25fed92757eeb7bc5adc9e&aid=304142&ucfs=1&arphpl=1&checkin=2022-01-10&checkout=2022-01-15&group_adults=2&req_adults=2&no_rooms=1&group_children=0&req_children=0&hpos=8&hapos=33&sr_order=distance_from_search&srpvid=9d915a5ba0cf0311&srepoch=1638795078&all_sr_blocks=110951503_120562756_2_1_0&highlighted_blocks=110951503_120562756_2_1_0&matching_block_id=110951503_120562756_2_1_0&sr_pri_blocks=110951503_120562756_2_1_0__155000000&from=searchresults&map=1
Apartamento con Piscina frente a la Playa al norte de la Isla;San Andrés;Sin puntos;Apartamento de 2 dormitorios;4050000;+ COP 324.000 de impuestos y cargos;https://www.booking.com/hotel/co/apartamento-frente-a-la-playa-san-andres.es.html?label=gen173nr-1FCAEoggI46AdIM1gEaDKIAQGYAQq4ARfIAQzYAQHoAQH4AQuIAgGoAgO4Asyvs40GwAIB0gIkZTRjOWZjOTEtZDhjYy00ZWY5LWJhMzQtMGFhNzBiNTY0M2Yw2AIG4AIB&sid=420dd3018f25fed92757eeb7bc5adc9e&aid=304142&ucfs=1&arphpl=1&checkin=2022-01-10&checkout=2022-01-15&group_adults=2&req_adults=2&no_rooms=1&group_children=0&req_children=0&hpos=9&hapos=34&sr_order=distance_from_search&srpvid=9d915a5ba0cf0311&srepoch=1638795078&all_sr_blocks=420309701_243666222_0_0_0&highlighted_blocks=420309701_243666222_0_0_0&matching_block_id=420309701_243666222_0_0_0&sr_pri_blocks=420309701_243666222_0_0_0__405000000&from=searchresults&map=1
Apartamento para parejas frente a la playa San Andres;San Andrés;Sin puntos;Apartamento de 1 dormitorio;2970000;+ COP 237.600 de impuestos y cargos;https://www.booking.com/hotel/co/apartamento-para-parejas-frente-a-la-playa.es.html?label=gen173nr-1FCAEoggI46AdIM1gEaDKIAQGYAQq4ARfIAQzYAQHoAQH4AQuIAgGoAgO4Asyvs40GwAIB0gIkZTRjOWZjOTEtZDhjYy00ZWY5LWJhMzQtMGFhNzBiNTY0M2Yw2AIG4AIB&sid=420dd3018f25fed92757eeb7bc5adc9e&aid=304142&ucfs=1&arphpl=1&checkin=2022-01-10&checkout=2022-01-15&group_adults=2&req_adults=2&no_rooms=1&group_children=0&req_children=0&hpos=10&hapos=35&sr_order=distance_from_search&srpvid=9d915a5ba0cf0311&srepoch=1638795078&all_sr_blocks=420309301_243666233_0_0_0&highlighted_blocks=420309301_243666233_0_0_0&matching_block_id=420309301_243666233_0_0_0&sr_pri_blocks=420309301_243666233_0_0_0__297000000&from=searchresults&map=1
On Vacation Coral Flower;San Andrés;5,7;Habitación Doble - 1 o 2 camas;6000000;Incluye impuestos y cargos;https://www.booking.com/hotel/co/coral-flower.es.html?label=gen173nr-1FCAEoggI46AdIM1gEaDKIAQGYAQq4ARfIAQzYAQHoAQH4AQuIAgGoAgO4Asyvs40GwAIB0gIkZTRjOWZjOTEtZDhjYy00ZWY5LWJhMzQtMGFhNzBiNTY0M2Yw2AIG4AIB&sid=420dd3018f25fed92757eeb7bc5adc9e&aid=304142&ucfs=1&arphpl=1&checkin=2022-01-10&checkout=2022-01-15&group_adults=2&req_adults=2&no_rooms=1&group_children=0&req_children=0&hpos=11&hapos=36&sr_order=distance_from_search&srpvid=9d915a5ba0cf0311&srepoch=1638795078&all_sr_blocks=50282201_336229695_2_0_0&highlighted_blocks=50282201_336229695_2_0_0&matching_block_id=50282201_336229695_2_0_0&sr_pri_blocks=50282201_336229695_2_0_0__600000000&from=searchresults&map=1
Calypso Beach Hotel;San Andrés;7,5;Habitación Doble Estándar - 1 o 2 camas;3397500;+ COP 85.000 de impuestos y cargos;https://www.booking.com/hotel/co/calypso-beach.es.html?label=gen173nr-1FCAEoggI46AdIM1gEaDKIAQGYAQq4ARfIAQzYAQHoAQH4AQuIAgGoAgO4Asyvs40GwAIB0gIkZTRjOWZjOTEtZDhjYy00ZWY5LWJhMzQtMGFhNzBiNTY0M2Yw2AIG4AIB&sid=420dd3018f25fed92757eeb7bc5adc9e&aid=304142&ucfs=1&arphpl=1&checkin=2022-01-10&checkout=2022-01-15&group_adults=2&req_adults=2&no_rooms=1&group_children=0&req_children=0&hpos=12&hapos=37&sr_order=distance_from_search&srpvid=9d915a5ba0cf0311&srepoch=1638795078&all_sr_blocks=35869901_83845826_0_1_0&highlighted_blocks=35869901_83845826_0_1_0&matching_block_id=35869901_83845826_0_1_0&sr_pri_blocks=35869901_83845826_0_1_0__339750000&from=searchresults&map=1
Tropical Coral;San Andrés;9,1;Estudio Estándar;1600000;Incluye impuestos y cargos;https://www.booking.com/hotel/co/tropical-coral.es.html?label=gen173nr-1FCAEoggI46AdIM1gEaDKIAQGYAQq4ARfIAQzYAQHoAQH4AQuIAgGoAgO4Asyvs40GwAIB0gIkZTRjOWZjOTEtZDhjYy00ZWY5LWJhMzQtMGFhNzBiNTY0M2Yw2AIG4AIB&sid=420dd3018f25fed92757eeb7bc5adc9e&aid=304142&ucfs=1&arphpl=1&checkin=2022-01-10&checkout=2022-01-15&group_adults=2&req_adults=2&no_rooms=1&group_children=0&req_children=0&hpos=13&hapos=38&sr_order=distance_from_search&srpvid=9d915a5ba0cf0311&srepoch=1638795078&all_sr_blocks=150488401_276766598_2_0_0&highlighted_blocks=150488401_276766598_2_0_0&matching_block_id=150488401_276766598_2_0_0&sr_pri_blocks=150488401_276766598_2_0_0__160000000&from=searchresults&map=1
Portobelo Plaza de las Americas;San Andrés;8,0;Habitación Individual;6930000;Incluye impuestos y cargos;https://www.booking.com/hotel/co/portobelo-plaza-de-las-americas.es.html?label=gen173nr-1FCAEoggI46AdIM1gEaDKIAQGYAQq4ARfIAQzYAQHoAQH4AQuIAgGoAgO4Asyvs40GwAIB0gIkZTRjOWZjOTEtZDhjYy00ZWY5LWJhMzQtMGFhNzBiNTY0M2Yw2AIG4AIB&sid=420dd3018f25fed92757eeb7bc5adc9e&aid=304142&ucfs=1&arphpl=1&checkin=2022-01-10&checkout=2022-01-15&group_adults=2&req_adults=2&no_rooms=1&group_children=0&req_children=0&hpos=14&hapos=39&sr_order=distance_from_search&srpvid=9d915a5ba0cf0311&srepoch=1638795078&all_sr_blocks=138347205_279581221_0_1_0%2C138347205_279581221_0_1_0&highlighted_blocks=138347205_279581221_0_1_0%2C138347205_279581221_0_1_0&matching_block_id=138347205_279581221_0_1_0&sr_pri_blocks=138347205_279581221_0_1_0__346500000%2C138347205_279581221_0_1_0__346500000&from=searchresults&map=1
Espectacular Apartamento en Sanandres Islas;San Andrés;Sin puntos;Apartamento de 1 dormitorio;4500000;+ COP 720.000 de impuestos y cargos;https://www.booking.com/hotel/co/espectacular-apartamento-en-sanandres-islas.es.html?label=gen173nr-1FCAEoggI46AdIM1gEaDKIAQGYAQq4ARfIAQzYAQHoAQH4AQuIAgGoAgO4Asyvs40GwAIB0gIkZTRjOWZjOTEtZDhjYy00ZWY5LWJhMzQtMGFhNzBiNTY0M2Yw2AIG4AIB&sid=420dd3018f25fed92757eeb7bc5adc9e&aid=304142&ucfs=1&arphpl=1&checkin=2022-01-10&checkout=2022-01-15&group_adults=2&req_adults=2&no_rooms=1&group_children=0&req_children=0&hpos=15&hapos=40&sr_order=distance_from_search&srpvid=9d915a5ba0cf0311&srepoch=1638795078&all_sr_blocks=790079301_338712158_2_0_0&highlighted_blocks=790079301_338712158_2_0_0&matching_block_id=790079301_338712158_2_0_0&sr_pri_blocks=790079301_338712158_2_0_0__450000000&from=searchresults&map=1
On Vacation Tower;San Andrés;6,4;Habitación Doble - 1 o 2 camas;6290000;Incluye impuestos y cargos;https://www.booking.com/hotel/co/tower.es.html?label=gen173nr-1FCAEoggI46AdIM1gEaDKIAQGYAQq4ARfIAQzYAQHoAQH4AQuIAgGoAgO4Asyvs40GwAIB0gIkZTRjOWZjOTEtZDhjYy00ZWY5LWJhMzQtMGFhNzBiNTY0M2Yw2AIG4AIB&sid=420dd3018f25fed92757eeb7bc5adc9e&aid=304142&ucfs=1&arphpl=1&checkin=2022-01-10&checkout=2022-01-15&group_adults=2&req_adults=2&no_rooms=1&group_children=0&req_children=0&hpos=16&hapos=41&sr_order=distance_from_search&srpvid=9d915a5ba0cf0311&srepoch=1638795078&all_sr_blocks=50287801_339199551_2_1_0&highlighted_blocks=50287801_339199551_2_1_0&matching_block_id=50287801_339199551_2_1_0&sr_pri_blocks=50287801_339199551_2_1_0__629000000&from=searchresults&map=1
Apartahotel Bahia Tropical II;San Andrés;8,6;Habitación Doble sin cocina;2000000;Incluye impuestos y cargos;https://www.booking.com/hotel/co/bahia-tropical-ii.es.html?label=gen173nr-1FCAEoggI46AdIM1gEaDKIAQGYAQq4ARfIAQzYAQHoAQH4AQuIAgGoAgO4Asyvs40GwAIB0gIkZTRjOWZjOTEtZDhjYy00ZWY5LWJhMzQtMGFhNzBiNTY0M2Yw2AIG4AIB&sid=420dd3018f25fed92757eeb7bc5adc9e&aid=304142&ucfs=1&arphpl=1&checkin=2022-01-10&checkout=2022-01-15&group_adults=2&req_adults=2&no_rooms=1&group_children=0&req_children=0&hpos=17&hapos=42&sr_order=distance_from_search&srpvid=9d915a5ba0cf0311&srepoch=1638795078&all_sr_blocks=212087906_241550011_2_0_0&highlighted_blocks=212087906_241550011_2_0_0&matching_block_id=212087906_241550011_2_0_0&sr_pri_blocks=212087906_241550011_2_0_0__200000000&from=searchresults&map=1
Blue Emerald Inn;San Andrés;8,1;Habitación Doble;2300000;Incluye impuestos y cargos;https://www.booking.com/hotel/co/blue-emerald-inn.es.html?label=gen173nr-1FCAEoggI46AdIM1gEaDKIAQGYAQq4ARfIAQzYAQHoAQH4AQuIAgGoAgO4Asyvs40GwAIB0gIkZTRjOWZjOTEtZDhjYy00ZWY5LWJhMzQtMGFhNzBiNTY0M2Yw2AIG4AIB&sid=420dd3018f25fed92757eeb7bc5adc9e&aid=304142&ucfs=1&arphpl=1&checkin=2022-01-10&checkout=2022-01-15&group_adults=2&req_adults=2&no_rooms=1&group_children=0&req_children=0&hpos=18&hapos=43&sr_order=distance_from_search&srpvid=9d915a5ba0cf0311&srepoch=1638795078&all_sr_blocks=196869701_339295765_2_1_0&highlighted_blocks=196869701_339295765_2_1_0&matching_block_id=196869701_339295765_2_1_0&sr_pri_blocks=196869701_339295765_2_1_0__230000000&from=searchresults&map=1
Red Ground Village;San Andrés;8,8;Estudio Dúplex;1810000;Incluye impuestos y cargos;https://www.booking.com/hotel/co/red-ground-village.es.html?label=gen173nr-1FCAEoggI46AdIM1gEaDKIAQGYAQq4ARfIAQzYAQHoAQH4AQuIAgGoAgO4Asyvs40GwAIB0gIkZTRjOWZjOTEtZDhjYy00ZWY5LWJhMzQtMGFhNzBiNTY0M2Yw2AIG4AIB&sid=420dd3018f25fed92757eeb7bc5adc9e&aid=304142&ucfs=1&arphpl=1&checkin=2022-01-10&checkout=2022-01-15&group_adults=2&req_adults=2&no_rooms=1&group_children=0&req_children=0&hpos=19&hapos=44&sr_order=distance_from_search&srpvid=9d915a5ba0cf0311&srepoch=1638795078&all_sr_blocks=233591101_335367920_2_0_0&highlighted_blocks=233591101_335367920_2_0_0&matching_block_id=233591101_335367920_2_0_0&sr_pri_blocks=233591101_335367920_2_0_0__181000000&from=searchresults&map=1
Apartahotel Marbella;San Andrés;8,3;Habitación Doble Pequeña;2000000;Incluye impuestos y cargos;https://www.booking.com/hotel/co/apartahotel-marbella.es.html?label=gen173nr-1FCAEoggI46AdIM1gEaDKIAQGYAQq4ARfIAQzYAQHoAQH4AQuIAgGoAgO4Asyvs40GwAIB0gIkZTRjOWZjOTEtZDhjYy00ZWY5LWJhMzQtMGFhNzBiNTY0M2Yw2AIG4AIB&sid=420dd3018f25fed92757eeb7bc5adc9e&aid=304142&ucfs=1&arphpl=1&checkin=2022-01-10&checkout=2022-01-15&group_adults=2&req_adults=2&no_rooms=1&group_children=0&req_children=0&hpos=20&hapos=45&sr_order=distance_from_search&srpvid=9d915a5ba0cf0311&srepoch=1638795078&all_sr_blocks=277401803_276572878_2_0_0&highlighted_blocks=277401803_276572878_2_0_0&matching_block_id=277401803_276572878_2_0_0&sr_pri_blocks=277401803_276572878_2_0_0__200000000&from=searchresults&map=1
Apartamento Sunrise;San Andrés;9,6;Apartamento de 2 dormitorios;3800000;Incluye impuestos y cargos;https://www.booking.com/hotel/co/apartamento-sunrise.es.html?label=gen173nr-1FCAEoggI46AdIM1gEaDKIAQGYAQq4ARfIAQzYAQHoAQH4AQuIAgGoAgO4Asyvs40GwAIB0gIkZTRjOWZjOTEtZDhjYy00ZWY5LWJhMzQtMGFhNzBiNTY0M2Yw2AIG4AIB&sid=420dd3018f25fed92757eeb7bc5adc9e&aid=304142&ucfs=1&arphpl=1&checkin=2022-01-10&checkout=2022-01-15&group_adults=2&req_adults=2&no_rooms=1&group_children=0&req_children=0&hpos=21&hapos=46&sr_order=distance_from_search&srpvid=9d915a5ba0cf0311&srepoch=1638795078&all_sr_blocks=147454901_339167667_2_0_0&highlighted_blocks=147454901_339167667_2_0_0&matching_block_id=147454901_339167667_2_0_0&sr_pri_blocks=147454901_339167667_2_0_0__380000000&from=searchresults&map=1
Apartamento Vacacional San Andres frente a la Playa;San Andrés;Sin puntos;Apartamento de 3 dormitorios;6975000;+ COP 558.000 de impuestos y cargos;https://www.booking.com/hotel/co/apartamento-vacacional-san-andres-ii.es.html?label=gen173nr-1FCAEoggI46AdIM1gEaDKIAQGYAQq4ARfIAQzYAQHoAQH4AQuIAgGoAgO4Asyvs40GwAIB0gIkZTRjOWZjOTEtZDhjYy00ZWY5LWJhMzQtMGFhNzBiNTY0M2Yw2AIG4AIB&sid=420dd3018f25fed92757eeb7bc5adc9e&aid=304142&ucfs=1&arphpl=1&checkin=2022-01-10&checkout=2022-01-15&group_adults=2&req_adults=2&no_rooms=1&group_children=0&req_children=0&hpos=22&hapos=47&sr_order=distance_from_search&srpvid=9d915a5ba0cf0311&srepoch=1638795078&all_sr_blocks=420308801_243666242_0_0_0&highlighted_blocks=420308801_243666242_0_0_0&matching_block_id=420308801_243666242_0_0_0&sr_pri_blocks=420308801_243666242_0_0_0__697500000&from=searchresults&map=1
Apartamento Vacacional San Andres Islas;San Andrés;Sin puntos;Apartamento de 2 dormitorios;5490000;+ COP 439.200 de impuestos y cargos;https://www.booking.com/hotel/co/apartamento-vacacional-san-andres-i.es.html?label=gen173nr-1FCAEoggI46AdIM1gEaDKIAQGYAQq4ARfIAQzYAQHoAQH4AQuIAgGoAgO4Asyvs40GwAIB0gIkZTRjOWZjOTEtZDhjYy00ZWY5LWJhMzQtMGFhNzBiNTY0M2Yw2AIG4AIB&sid=420dd3018f25fed92757eeb7bc5adc9e&aid=304142&ucfs=1&arphpl=1&checkin=2022-01-10&checkout=2022-01-15&group_adults=2&req_adults=2&no_rooms=1&group_children=0&req_children=0&hpos=23&hapos=48&sr_order=distance_from_search&srpvid=9d915a5ba0cf0311&srepoch=1638795078&all_sr_blocks=420308601_243666245_0_0_0&highlighted_blocks=420308601_243666245_0_0_0&matching_block_id=420308601_243666245_0_0_0&sr_pri_blocks=420308601_243666245_0_0_0__549000000&from=searchresults&map=1
Apartamento Familiar en el Centro de San Andrés Islas Colombia;San Andrés;Sin puntos;Apartamento;4207500;+ COP 336.600 de impuestos y cargos;https://www.booking.com/hotel/co/apartamento-familiar-para-vacaciones-en-san-andres-san-andres.es.html?label=gen173nr-1FCAEoggI46AdIM1gEaDKIAQGYAQq4ARfIAQzYAQHoAQH4AQuIAgGoAgO4Asyvs40GwAIB0gIkZTRjOWZjOTEtZDhjYy00ZWY5LWJhMzQtMGFhNzBiNTY0M2Yw2AIG4AIB&sid=420dd3018f25fed92757eeb7bc5adc9e&aid=304142&ucfs=1&arphpl=1&checkin=2022-01-10&checkout=2022-01-15&group_adults=2&req_adults=2&no_rooms=1&group_children=0&req_children=0&hpos=24&hapos=49&sr_order=distance_from_search&srpvid=9d915a5ba0cf0311&srepoch=1638795078&all_sr_blocks=443776001_243666074_5_0_0&highlighted_blocks=443776001_243666074_5_0_0&matching_block_id=443776001_243666074_5_0_0&sr_pri_blocks=443776001_243666074_5_0_0__420750000&from=searchresults&map=1
Sol Caribe San Andrés All Inclusive;San Andrés;7,7;Habitación Doble;5937500;Incluye impuestos y cargos;https://www.booking.com/hotel/co/sol-caribe-san-andres.es.html?label=gen173nr-1FCAEoggI46AdIM1gEaDKIAQGYAQq4ARfIAQzYAQHoAQH4AQuIAgGoAgO4Asyvs40GwAIB0gIkZTRjOWZjOTEtZDhjYy00ZWY5LWJhMzQtMGFhNzBiNTY0M2Yw2AIG4AIB&sid=420dd3018f25fed92757eeb7bc5adc9e&aid=304142&ucfs=1&arphpl=1&checkin=2022-01-10&checkout=2022-01-15&group_adults=2&req_adults=2&no_rooms=1&group_children=0&req_children=0&hpos=0&hapos=50&sr_order=distance_from_search&srpvid=9d915a5ba0cf0311&srepoch=1638795081&all_sr_blocks=29326606_256490931_0_85_0&highlighted_blocks=29326606_256490931_0_85_0&matching_block_id=29326606_256490931_0_85_0&sr_pri_blocks=29326606_256490931_0_85_0__593750000&from=searchresults&map=1
Alojamiento San Andres Isla;San Andrés;Sin puntos;Habitación Triple Estándar ;1375000;+ COP 220.000 de impuestos y cargos;https://www.booking.com/hotel/co/alojamiento-san-andres-isla.es.html?label=gen173nr-1FCAEoggI46AdIM1gEaDKIAQGYAQq4ARfIAQzYAQHoAQH4AQuIAgGoAgO4Asyvs40GwAIB0gIkZTRjOWZjOTEtZDhjYy00ZWY5LWJhMzQtMGFhNzBiNTY0M2Yw2AIG4AIB&sid=420dd3018f25fed92757eeb7bc5adc9e&aid=304142&ucfs=1&arphpl=1&checkin=2022-01-10&checkout=2022-01-15&group_adults=2&req_adults=2&no_rooms=1&group_children=0&req_children=0&hpos=1&hapos=51&sr_order=distance_from_search&srpvid=9d915a5ba0cf0311&srepoch=1638795081&all_sr_blocks=792420404_339023848_3_2_0&highlighted_blocks=792420404_339023848_3_2_0&matching_block_id=792420404_339023848_3_2_0&sr_pri_blocks=792420404_339023848_3_2_0__137500000&from=searchresults&map=1
Hotel Casablanca;San Andrés;8,1;Habitación Doble Estándar - 1 o 2 camas;6697040;Incluye impuestos y cargos;https://www.booking.com/hotel/co/casablanca.es.html?label=gen173nr-1FCAEoggI46AdIM1gEaDKIAQGYAQq4ARfIAQzYAQHoAQH4AQuIAgGoAgO4Asyvs40GwAIB0gIkZTRjOWZjOTEtZDhjYy00ZWY5LWJhMzQtMGFhNzBiNTY0M2Yw2AIG4AIB&sid=420dd3018f25fed92757eeb7bc5adc9e&aid=304142&ucfs=1&arphpl=1&checkin=2022-01-10&checkout=2022-01-15&group_adults=2&req_adults=2&no_rooms=1&group_children=0&req_children=0&hpos=2&hapos=52&sr_order=distance_from_search&srpvid=9d915a5ba0cf0311&srepoch=1638795081&all_sr_blocks=34712301_277242112_2_1_0&highlighted_blocks=34712301_277242112_2_1_0&matching_block_id=34712301_277242112_2_1_0&sr_pri_blocks=34712301_277242112_2_1_0__669702500&from=searchresults&map=1
Apartamento en el Sun Rise San Andres;San Andrés;Sin puntos;Apartamento de 2 dormitorios;8442000;+ COP 755.360 de impuestos y cargos;https://www.booking.com/hotel/co/apartamento-en-san-andres-con-vista-al-mar.es.html?label=gen173nr-1FCAEoggI46AdIM1gEaDKIAQGYAQq4ARfIAQzYAQHoAQH4AQuIAgGoAgO4Asyvs40GwAIB0gIkZTRjOWZjOTEtZDhjYy00ZWY5LWJhMzQtMGFhNzBiNTY0M2Yw2AIG4AIB&sid=420dd3018f25fed92757eeb7bc5adc9e&aid=304142&ucfs=1&arphpl=1&checkin=2022-01-10&checkout=2022-01-15&group_adults=2&req_adults=2&no_rooms=1&group_children=0&req_children=0&hpos=3&hapos=53&sr_order=distance_from_search&srpvid=9d915a5ba0cf0311&srepoch=1638795081&all_sr_blocks=575959601_243666046_5_0_0&highlighted_blocks=575959601_243666046_5_0_0&matching_block_id=575959601_243666046_5_0_0&sr_pri_blocks=575959601_243666046_5_0_0__844200000&from=searchresults&map=1
Apartamento en Torres del Sun Rise San Andrés con Piscina y Playa Privada;San Andrés;Sin puntos;Apartamento de 2 dormitorios;6561000;+ COP 594.880 de impuestos y cargos;https://www.booking.com/hotel/co/apartamento-vacacional-en-san-andres-con-piscina-y-playa-privada.es.html?label=gen173nr-1FCAEoggI46AdIM1gEaDKIAQGYAQq4ARfIAQzYAQHoAQH4AQuIAgGoAgO4Asyvs40GwAIB0gIkZTRjOWZjOTEtZDhjYy00ZWY5LWJhMzQtMGFhNzBiNTY0M2Yw2AIG4AIB&sid=420dd3018f25fed92757eeb7bc5adc9e&aid=304142&ucfs=1&arphpl=1&checkin=2022-01-10&checkout=2022-01-15&group_adults=2&req_adults=2&no_rooms=1&group_children=0&req_children=0&hpos=4&hapos=54&sr_order=distance_from_search&srpvid=9d915a5ba0cf0311&srepoch=1638795081&all_sr_blocks=771787901_335064005_5_0_0&highlighted_blocks=771787901_335064005_5_0_0&matching_block_id=771787901_335064005_5_0_0&sr_pri_blocks=771787901_335064005_5_0_0__656100000&from=searchresults&map=1
Apartamento Vacacional en Sun Rise San Andrés con Playa Privada;San Andrés;7,0;Apartamento de 2 dormitorios;8442000;+ COP 745.360 de impuestos y cargos;https://www.booking.com/hotel/co/apartamento-vacacional-en-sun-rise-san-andres-con-playa-privada.es.html?label=gen173nr-1FCAEoggI46AdIM1gEaDKIAQGYAQq4ARfIAQzYAQHoAQH4AQuIAgGoAgO4Asyvs40GwAIB0gIkZTRjOWZjOTEtZDhjYy00ZWY5LWJhMzQtMGFhNzBiNTY0M2Yw2AIG4AIB&sid=420dd3018f25fed92757eeb7bc5adc9e&aid=304142&ucfs=1&arphpl=1&checkin=2022-01-10&checkout=2022-01-15&group_adults=2&req_adults=2&no_rooms=1&group_children=0&req_children=0&hpos=5&hapos=55&sr_order=distance_from_search&srpvid=9d915a5ba0cf0311&srepoch=1638795081&all_sr_blocks=771768501_335062543_5_0_0&highlighted_blocks=771768501_335062543_5_0_0&matching_block_id=771768501_335062543_5_0_0&sr_pri_blocks=771768501_335062543_5_0_0__844200000&from=searchresults&map=1
On Vacation Blue Reef;San Andrés;5,9;Habitación Triple;8575000;Incluye impuestos y cargos;https://www.booking.com/hotel/co/blue-reef.es.html?label=gen173nr-1FCAEoggI46AdIM1gEaDKIAQGYAQq4ARfIAQzYAQHoAQH4AQuIAgGoAgO4Asyvs40GwAIB0gIkZTRjOWZjOTEtZDhjYy00ZWY5LWJhMzQtMGFhNzBiNTY0M2Yw2AIG4AIB&sid=420dd3018f25fed92757eeb7bc5adc9e&aid=304142&ucfs=1&arphpl=1&checkin=2022-01-10&checkout=2022-01-15&group_adults=2&req_adults=2&no_rooms=1&group_children=0&req_children=0&hpos=6&hapos=56&sr_order=distance_from_search&srpvid=9d915a5ba0cf0311&srepoch=1638795081&all_sr_blocks=50274602_335632043_3_1_0&highlighted_blocks=50274602_335632043_3_1_0&matching_block_id=50274602_335632043_3_1_0&sr_pri_blocks=50274602_335632043_3_1_0__857500000&from=searchresults&map=1
Apartamento Familiar con Vista al Mar en San Andres;San Andrés;Sin puntos;Apartamento de 2 dormitorios;6075000;+ COP 486.000 de impuestos y cargos;https://www.booking.com/hotel/co/apartamento-familiar-san-andres-san-andres.es.html?label=gen173nr-1FCAEoggI46AdIM1gEaDKIAQGYAQq4ARfIAQzYAQHoAQH4AQuIAgGoAgO4Asyvs40GwAIB0gIkZTRjOWZjOTEtZDhjYy00ZWY5LWJhMzQtMGFhNzBiNTY0M2Yw2AIG4AIB&sid=420dd3018f25fed92757eeb7bc5adc9e&aid=304142&ucfs=1&arphpl=1&checkin=2022-01-10&checkout=2022-01-15&group_adults=2&req_adults=2&no_rooms=1&group_children=0&req_children=0&hpos=7&hapos=57&sr_order=distance_from_search&srpvid=9d915a5ba0cf0311&srepoch=1638795081&all_sr_blocks=420310001_243666220_0_0_0&highlighted_blocks=420310001_243666220_0_0_0&matching_block_id=420310001_243666220_0_0_0&sr_pri_blocks=420310001_243666220_0_0_0__607500000&from=searchresults&map=1
Apartamento Familiar San Andres Islas Colombia;San Andrés;Sin puntos;Apartamento de 3 dormitorios;7884000;+ COP 630.720 de impuestos y cargos;https://www.booking.com/hotel/co/apartamento-familiar-san-andres-i.es.html?label=gen173nr-1FCAEoggI46AdIM1gEaDKIAQGYAQq4ARfIAQzYAQHoAQH4AQuIAgGoAgO4Asyvs40GwAIB0gIkZTRjOWZjOTEtZDhjYy00ZWY5LWJhMzQtMGFhNzBiNTY0M2Yw2AIG4AIB&sid=420dd3018f25fed92757eeb7bc5adc9e&aid=304142&ucfs=1&arphpl=1&checkin=2022-01-10&checkout=2022-01-15&group_adults=2&req_adults=2&no_rooms=1&group_children=0&req_children=0&hpos=8&hapos=58&sr_order=distance_from_search&srpvid=9d915a5ba0cf0311&srepoch=1638795081&all_sr_blocks=420309001_243666240_0_0_0&highlighted_blocks=420309001_243666240_0_0_0&matching_block_id=420309001_243666240_0_0_0&sr_pri_blocks=420309001_243666240_0_0_0__788400000&from=searchresults&map=1
Apartamentos en Hansa Reef BY TOP LOCATION;San Andrés;9,2;Apartamento Deluxe;3500000;+ COP 150.000 de impuestos y cargos;https://www.booking.com/hotel/co/hansa-reef-san-andres-san-andres.es.html?label=gen173nr-1FCAEoggI46AdIM1gEaDKIAQGYAQq4ARfIAQzYAQHoAQH4AQuIAgGoAgO4Asyvs40GwAIB0gIkZTRjOWZjOTEtZDhjYy00ZWY5LWJhMzQtMGFhNzBiNTY0M2Yw2AIG4AIB&sid=420dd3018f25fed92757eeb7bc5adc9e&aid=304142&ucfs=1&arphpl=1&checkin=2022-01-10&checkout=2022-01-15&group_adults=2&req_adults=2&no_rooms=1&group_children=0&req_children=0&hpos=9&hapos=59&sr_order=distance_from_search&srpvid=9d915a5ba0cf0311&srepoch=1638795081&all_sr_blocks=696184018_334891771_4_0_0&highlighted_blocks=696184018_334891771_4_0_0&matching_block_id=696184018_334891771_4_0_0&sr_pri_blocks=696184018_334891771_4_0_0__350000000&from=searchresults&map=1
HERMOSO APTO EN SAN ANDRES ISLA;San Andrés;Sin puntos;Apartamento de 3 dormitorios;3500000;+ COP 560.000 de impuestos y cargos;https://www.booking.com/hotel/co/hermoso-apto-en-san-andres-isla.es.html?label=gen173nr-1FCAEoggI46AdIM1gEaDKIAQGYAQq4ARfIAQzYAQHoAQH4AQuIAgGoAgO4Asyvs40GwAIB0gIkZTRjOWZjOTEtZDhjYy00ZWY5LWJhMzQtMGFhNzBiNTY0M2Yw2AIG4AIB&sid=420dd3018f25fed92757eeb7bc5adc9e&aid=304142&ucfs=1&arphpl=1&checkin=2022-01-10&checkout=2022-01-15&group_adults=2&req_adults=2&no_rooms=1&group_children=0&req_children=0&hpos=10&hapos=60&sr_order=distance_from_search&srpvid=9d915a5ba0cf0311&srepoch=1638795081&all_sr_blocks=780305601_336449228_7_0_0&highlighted_blocks=780305601_336449228_7_0_0&matching_block_id=780305601_336449228_7_0_0&sr_pri_blocks=780305601_336449228_7_0_0__350000000&from=searchresults&map=1
Koray Hotel;San Andrés;7,6;Habitación Doble;3050000;Incluye impuestos y cargos;https://www.booking.com/hotel/co/brisas-del-mar.es.html?label=gen173nr-1FCAEoggI46AdIM1gEaDKIAQGYAQq4ARfIAQzYAQHoAQH4AQuIAgGoAgO4Asyvs40GwAIB0gIkZTRjOWZjOTEtZDhjYy00ZWY5LWJhMzQtMGFhNzBiNTY0M2Yw2AIG4AIB&sid=420dd3018f25fed92757eeb7bc5adc9e&aid=304142&ucfs=1&arphpl=1&checkin=2022-01-10&checkout=2022-01-15&group_adults=2&req_adults=2&no_rooms=1&group_children=0&req_children=0&hpos=11&hapos=61&sr_order=distance_from_search&srpvid=9d915a5ba0cf0311&srepoch=1638795081&all_sr_blocks=271715501_333462032_2_34_0&highlighted_blocks=271715501_333462032_2_34_0&matching_block_id=271715501_333462032_2_34_0&sr_pri_blocks=271715501_333462032_2_34_0__305000000&from=searchresults&map=1
Hotel Nauticus;San Andrés;7,4;Habitación Doble Superior con vistas al mar - 2 camas;1800000;Incluye impuestos y cargos;https://www.booking.com/hotel/co/nauticus.es.html?label=gen173nr-1FCAEoggI46AdIM1gEaDKIAQGYAQq4ARfIAQzYAQHoAQH4AQuIAgGoAgO4Asyvs40GwAIB0gIkZTRjOWZjOTEtZDhjYy00ZWY5LWJhMzQtMGFhNzBiNTY0M2Yw2AIG4AIB&sid=420dd3018f25fed92757eeb7bc5adc9e&aid=304142&ucfs=1&arphpl=1&checkin=2022-01-10&checkout=2022-01-15&group_adults=2&req_adults=2&no_rooms=1&group_children=0&req_children=0&hpos=12&hapos=62&sr_order=distance_from_search&srpvid=9d915a5ba0cf0311&srepoch=1638795081&all_sr_blocks=474202908_196479846_2_0_0&highlighted_blocks=474202908_196479846_2_0_0&matching_block_id=474202908_196479846_2_0_0&sr_pri_blocks=474202908_196479846_2_0_0__180000000&from=searchresults&map=1
Apartamento Bay Point 303;San Andrés;8,1;Apartamento con balcón;8000000;Incluye impuestos y cargos;https://www.booking.com/hotel/co/apartamento-bay-point-303.es.html?label=gen173nr-1FCAEoggI46AdIM1gEaDKIAQGYAQq4ARfIAQzYAQHoAQH4AQuIAgGoAgO4Asyvs40GwAIB0gIkZTRjOWZjOTEtZDhjYy00ZWY5LWJhMzQtMGFhNzBiNTY0M2Yw2AIG4AIB&sid=420dd3018f25fed92757eeb7bc5adc9e&aid=304142&ucfs=1&arphpl=1&checkin=2022-01-10&checkout=2022-01-15&group_adults=2&req_adults=2&no_rooms=1&group_children=0&req_children=0&hpos=13&hapos=63&sr_order=distance_from_search&srpvid=9d915a5ba0cf0311&srepoch=1638795081&all_sr_blocks=188964701_114079032_6_0_0&highlighted_blocks=188964701_114079032_6_0_0&matching_block_id=188964701_114079032_6_0_0&sr_pri_blocks=188964701_114079032_6_0_0__800000000&from=searchresults&map=1
Apartamento en el Galeón San Andrés con Vista al Mar;San Andrés;Sin puntos;Apartamento de 2 dormitorios;6934500;+ COP 624.760 de impuestos y cargos;https://www.booking.com/hotel/co/apartamento-en-el-galeon-san-andres-con-vista-al-mar.es.html?label=gen173nr-1FCAEoggI46AdIM1gEaDKIAQGYAQq4ARfIAQzYAQHoAQH4AQuIAgGoAgO4Asyvs40GwAIB0gIkZTRjOWZjOTEtZDhjYy00ZWY5LWJhMzQtMGFhNzBiNTY0M2Yw2AIG4AIB&sid=420dd3018f25fed92757eeb7bc5adc9e&aid=304142&ucfs=1&arphpl=1&checkin=2022-01-10&checkout=2022-01-15&group_adults=2&req_adults=2&no_rooms=1&group_children=0&req_children=0&hpos=14&hapos=64&sr_order=distance_from_search&srpvid=9d915a5ba0cf0311&srepoch=1638795081&all_sr_blocks=771735001_335060753_4_0_0&highlighted_blocks=771735001_335060753_4_0_0&matching_block_id=771735001_335060753_4_0_0&sr_pri_blocks=771735001_335060753_4_0_0__693450000&from=searchresults&map=1
Samara's Place;San Andrés;8,8;Apartamento con terraza ;1050000;Incluye impuestos y cargos;https://www.booking.com/hotel/co/samaras-place.es.html?label=gen173nr-1FCAEoggI46AdIM1gEaDKIAQGYAQq4ARfIAQzYAQHoAQH4AQuIAgGoAgO4Asyvs40GwAIB0gIkZTRjOWZjOTEtZDhjYy00ZWY5LWJhMzQtMGFhNzBiNTY0M2Yw2AIG4AIB&sid=420dd3018f25fed92757eeb7bc5adc9e&aid=304142&ucfs=1&arphpl=1&checkin=2022-01-10&checkout=2022-01-15&group_adults=2&req_adults=2&no_rooms=1&group_children=0&req_children=0&hpos=15&hapos=65&sr_order=distance_from_search&srpvid=9d915a5ba0cf0311&srepoch=1638795081&all_sr_blocks=233033401_340532898_2_0_0&highlighted_blocks=233033401_340532898_2_0_0&matching_block_id=233033401_340532898_2_0_0&sr_pri_blocks=233033401_340532898_2_0_0__105000000&from=searchresults&map=1
Apartamento Edificio Sea View;San Andrés;Sin puntos;Apartamento de 3 dormitorios;3750000;Incluye impuestos y cargos;https://www.booking.com/hotel/co/apartamento-edificio-sea-view-san-andres1.es.html?label=gen173nr-1FCAEoggI46AdIM1gEaDKIAQGYAQq4ARfIAQzYAQHoAQH4AQuIAgGoAgO4Asyvs40GwAIB0gIkZTRjOWZjOTEtZDhjYy00ZWY5LWJhMzQtMGFhNzBiNTY0M2Yw2AIG4AIB&sid=420dd3018f25fed92757eeb7bc5adc9e&aid=304142&ucfs=1&arphpl=1&checkin=2022-01-10&checkout=2022-01-15&group_adults=2&req_adults=2&no_rooms=1&group_children=0&req_children=0&hpos=16&hapos=66&sr_order=distance_from_search&srpvid=9d915a5ba0cf0311&srepoch=1638795081&all_sr_blocks=778587201_336225086_6_0_0&highlighted_blocks=778587201_336225086_6_0_0&matching_block_id=778587201_336225086_6_0_0&sr_pri_blocks=778587201_336225086_6_0_0__375000000&from=searchresults&map=1
Decameron Aquarium - All Inclusive;San Andrés;7,5;Habitación Doble - 1 o 2 camas;6913220;Incluye impuestos y cargos;https://www.booking.com/hotel/co/decameron-aquarium.es.html?label=gen173nr-1FCAEoggI46AdIM1gEaDKIAQGYAQq4ARfIAQzYAQHoAQH4AQuIAgGoAgO4Asyvs40GwAIB0gIkZTRjOWZjOTEtZDhjYy00ZWY5LWJhMzQtMGFhNzBiNTY0M2Yw2AIG4AIB&sid=420dd3018f25fed92757eeb7bc5adc9e&aid=304142&ucfs=1&arphpl=1&checkin=2022-01-10&checkout=2022-01-15&group_adults=2&req_adults=2&no_rooms=1&group_children=0&req_children=0&hpos=17&hapos=67&sr_order=distance_from_search&srpvid=9d915a5ba0cf0311&srepoch=1638795081&all_sr_blocks=34712101_335375520_2_85_0&highlighted_blocks=34712101_335375520_2_85_0&matching_block_id=34712101_335375520_2_85_0&sr_pri_blocks=34712101_335375520_2_85_0__691321500&from=searchresults&map=1
Hermoso Apto Bay Point 403 Con Balcon;San Andrés;Sin puntos;Apartamento;9951480;Incluye impuestos y cargos;https://www.booking.com/hotel/co/hermoso-apto-bay-point-403-con-balcon.es.html?label=gen173nr-1FCAEoggI46AdIM1gEaDKIAQGYAQq4ARfIAQzYAQHoAQH4AQuIAgGoAgO4Asyvs40GwAIB0gIkZTRjOWZjOTEtZDhjYy00ZWY5LWJhMzQtMGFhNzBiNTY0M2Yw2AIG4AIB&sid=420dd3018f25fed92757eeb7bc5adc9e&aid=304142&ucfs=1&arphpl=1&checkin=2022-01-10&checkout=2022-01-15&group_adults=2&req_adults=2&no_rooms=1&group_children=0&req_children=0&hpos=18&hapos=68&sr_order=distance_from_search&srpvid=9d915a5ba0cf0311&srepoch=1638795081&all_sr_blocks=683096402_327134112_4_0_0&highlighted_blocks=683096402_327134112_4_0_0&matching_block_id=683096402_327134112_4_0_0&sr_pri_blocks=683096402_327134112_4_0_0__995147505&from=searchresults&map=1
Cabañas con Piscina y Jacuzzi en San Andres;San Andrés;Sin puntos;Habitación Triple Estándar ;2261260;Incluye impuestos y cargos;https://www.booking.com/hotel/co/casa-campestre-con-piscina-ambiente-familiar.es.html?label=gen173nr-1FCAEoggI46AdIM1gEaDKIAQGYAQq4ARfIAQzYAQHoAQH4AQuIAgGoAgO4Asyvs40GwAIB0gIkZTRjOWZjOTEtZDhjYy00ZWY5LWJhMzQtMGFhNzBiNTY0M2Yw2AIG4AIB&sid=420dd3018f25fed92757eeb7bc5adc9e&aid=304142&ucfs=1&arphpl=1&checkin=2022-01-10&checkout=2022-01-15&group_adults=2&req_adults=2&no_rooms=1&group_children=0&req_children=0&hpos=19&hapos=69&sr_order=distance_from_search&srpvid=9d915a5ba0cf0311&srepoch=1638795081&all_sr_blocks=574626102_243666055_3_2_0&highlighted_blocks=574626102_243666055_3_2_0&matching_block_id=574626102_243666055_3_2_0&sr_pri_blocks=574626102_243666055_3_2_0__226125000&from=searchresults&map=1
Casa Licornne;San Andrés;8,6;Habitación Doble con baño privado;1250000;Incluye impuestos y cargos;https://www.booking.com/hotel/co/casa-licornne.es.html?label=gen173nr-1FCAEoggI46AdIM1gEaDKIAQGYAQq4ARfIAQzYAQHoAQH4AQuIAgGoAgO4Asyvs40GwAIB0gIkZTRjOWZjOTEtZDhjYy00ZWY5LWJhMzQtMGFhNzBiNTY0M2Yw2AIG4AIB&sid=420dd3018f25fed92757eeb7bc5adc9e&aid=304142&ucfs=1&arphpl=1&checkin=2022-01-10&checkout=2022-01-15&group_adults=2&req_adults=2&no_rooms=1&group_children=0&req_children=0&hpos=20&hapos=70&sr_order=distance_from_search&srpvid=9d915a5ba0cf0311&srepoch=1638795081&all_sr_blocks=660734904_339632775_2_1_0&highlighted_blocks=660734904_339632775_2_1_0&matching_block_id=660734904_339632775_2_1_0&sr_pri_blocks=660734904_339632775_2_1_0__125000000&from=searchresults&map=1
In Di House of Reggae Boutique;San Andrés;9,0;Habitación Doble Estándar;2835000;Incluye impuestos y cargos;https://www.booking.com/hotel/co/in-di-house-of-reggae-boutique.es.html?label=gen173nr-1FCAEoggI46AdIM1gEaDKIAQGYAQq4ARfIAQzYAQHoAQH4AQuIAgGoAgO4Asyvs40GwAIB0gIkZTRjOWZjOTEtZDhjYy00ZWY5LWJhMzQtMGFhNzBiNTY0M2Yw2AIG4AIB&sid=420dd3018f25fed92757eeb7bc5adc9e&aid=304142&ucfs=1&arphpl=1&checkin=2022-01-10&checkout=2022-01-15&group_adults=2&req_adults=2&no_rooms=1&group_children=0&req_children=0&hpos=21&hapos=71&sr_order=distance_from_search&srpvid=9d915a5ba0cf0311&srepoch=1638795081&all_sr_blocks=686842805_285658507_2_1_0&highlighted_blocks=686842805_285658507_2_1_0&matching_block_id=686842805_285658507_2_1_0&sr_pri_blocks=686842805_285658507_2_1_0__283500000&from=searchresults&map=1
Hostal Casaluna San Andres;San Andrés;9,1;Estudio con terraza;1500000;Incluye impuestos y cargos;https://www.booking.com/hotel/co/hostal-casaluna-san-andres.es.html?label=gen173nr-1FCAEoggI46AdIM1gEaDKIAQGYAQq4ARfIAQzYAQHoAQH4AQuIAgGoAgO4Asyvs40GwAIB0gIkZTRjOWZjOTEtZDhjYy00ZWY5LWJhMzQtMGFhNzBiNTY0M2Yw2AIG4AIB&sid=420dd3018f25fed92757eeb7bc5adc9e&aid=304142&ucfs=1&arphpl=1&checkin=2022-01-10&checkout=2022-01-15&group_adults=2&req_adults=2&no_rooms=1&group_children=0&req_children=0&hpos=22&hapos=72&sr_order=distance_from_search&srpvid=9d915a5ba0cf0311&srepoch=1638795081&all_sr_blocks=54368301_335390751_0_0_0&highlighted_blocks=54368301_335390751_0_0_0&matching_block_id=54368301_335390751_0_0_0&sr_pri_blocks=54368301_335390751_0_0_0__150000000&from=searchresults&map=1
Posada los Caracoles;San Andrés;8,0;Cabaña con vistas al jardín;950000;Incluye impuestos y cargos;https://www.booking.com/hotel/co/posada-los-caracoles.es.html?label=gen173nr-1FCAEoggI46AdIM1gEaDKIAQGYAQq4ARfIAQzYAQHoAQH4AQuIAgGoAgO4Asyvs40GwAIB0gIkZTRjOWZjOTEtZDhjYy00ZWY5LWJhMzQtMGFhNzBiNTY0M2Yw2AIG4AIB&sid=420dd3018f25fed92757eeb7bc5adc9e&aid=304142&ucfs=1&arphpl=1&checkin=2022-01-10&checkout=2022-01-15&group_adults=2&req_adults=2&no_rooms=1&group_children=0&req_children=0&hpos=23&hapos=73&sr_order=distance_from_search&srpvid=9d915a5ba0cf0311&srepoch=1638795081&all_sr_blocks=148752901_231879429_2_0_0&highlighted_blocks=148752901_231879429_2_0_0&matching_block_id=148752901_231879429_2_0_0&sr_pri_blocks=148752901_231879429_2_0_0__95000000&from=searchresults&map=1
Jellyfish House;La Loma;Sin puntos;Apartamento de 1 dormitorio;806000;+ COP 128.960 de impuestos y cargos;https://www.booking.com/hotel/co/jellyfish-house.es.html?label=gen173nr-1FCAEoggI46AdIM1gEaDKIAQGYAQq4ARfIAQzYAQHoAQH4AQuIAgGoAgO4Asyvs40GwAIB0gIkZTRjOWZjOTEtZDhjYy00ZWY5LWJhMzQtMGFhNzBiNTY0M2Yw2AIG4AIB&sid=420dd3018f25fed92757eeb7bc5adc9e&aid=304142&ucfs=1&arphpl=1&checkin=2022-01-10&checkout=2022-01-15&group_adults=2&req_adults=2&no_rooms=1&group_children=0&req_children=0&hpos=24&hapos=74&sr_order=distance_from_search&srpvid=9d915a5ba0cf0311&srepoch=1638795081&all_sr_blocks=784846501_337989124_2_0_0&highlighted_blocks=784846501_337989124_2_0_0&matching_block_id=784846501_337989124_2_0_0&sr_pri_blocks=784846501_337989124_2_0_0__80600000&from=searchresults&map=1
La Posada de Will;La Loma;Sin puntos;Apartamento de 2 dormitorios;2500000;+ COP 400.000 de impuestos y cargos;https://www.booking.com/hotel/co/la-posada-de-will.es.html?label=gen173nr-1FCAEoggI46AdIM1gEaDKIAQGYAQq4ARfIAQzYAQHoAQH4AQuIAgGoAgO4Asyvs40GwAIB0gIkZTRjOWZjOTEtZDhjYy00ZWY5LWJhMzQtMGFhNzBiNTY0M2Yw2AIG4AIB&sid=420dd3018f25fed92757eeb7bc5adc9e&aid=304142&ucfs=1&arphpl=1&checkin=2022-01-10&checkout=2022-01-15&group_adults=2&req_adults=2&no_rooms=1&group_children=0&req_children=0&hpos=0&hapos=75&sr_order=distance_from_search&srpvid=9d915a5ba0cf0311&srepoch=1638795085&all_sr_blocks=792026301_338990256_6_0_0&highlighted_blocks=792026301_338990256_6_0_0&matching_block_id=792026301_338990256_6_0_0&sr_pri_blocks=792026301_338990256_6_0_0__250000000&from=searchresults&map=1
POSADA NATIVA DERMA´S INN;San Andrés;7,9;Habitación Doble;650000;Incluye impuestos y cargos;https://www.booking.com/hotel/co/miss-dermaa-s-inn.es.html?label=gen173nr-1FCAEoggI46AdIM1gEaDKIAQGYAQq4ARfIAQzYAQHoAQH4AQuIAgGoAgO4Asyvs40GwAIB0gIkZTRjOWZjOTEtZDhjYy00ZWY5LWJhMzQtMGFhNzBiNTY0M2Yw2AIG4AIB&sid=420dd3018f25fed92757eeb7bc5adc9e&aid=304142&ucfs=1&arphpl=1&checkin=2022-01-10&checkout=2022-01-15&group_adults=2&req_adults=2&no_rooms=1&group_children=0&req_children=0&hpos=1&hapos=76&sr_order=distance_from_search&srpvid=9d915a5ba0cf0311&srepoch=1638795085&all_sr_blocks=37026203_128847049_0_42_0&highlighted_blocks=37026203_128847049_0_42_0&matching_block_id=37026203_128847049_0_42_0&sr_pri_blocks=37026203_128847049_0_42_0__65000000&from=searchresults&map=1
Casa D' Linda;San Andrés;9,3;Casa;2250000;+ COP 80.000 de impuestos y cargos;https://www.booking.com/hotel/co/casa-d-linda.es.html?label=gen173nr-1FCAEoggI46AdIM1gEaDKIAQGYAQq4ARfIAQzYAQHoAQH4AQuIAgGoAgO4Asyvs40GwAIB0gIkZTRjOWZjOTEtZDhjYy00ZWY5LWJhMzQtMGFhNzBiNTY0M2Yw2AIG4AIB&sid=420dd3018f25fed92757eeb7bc5adc9e&aid=304142&ucfs=1&arphpl=1&checkin=2022-01-10&checkout=2022-01-15&group_adults=2&req_adults=2&no_rooms=1&group_children=0&req_children=0&hpos=2&hapos=77&sr_order=distance_from_search&srpvid=9d915a5ba0cf0311&srepoch=1638795085&all_sr_blocks=310183701_335411403_2_0_0&highlighted_blocks=310183701_335411403_2_0_0&matching_block_id=310183701_335411403_2_0_0&sr_pri_blocks=310183701_335411403_2_0_0__225000000&from=searchresults&map=1
Casa Harb Hotel Boutique;San Andrés;8,9;Suite;4725000;Incluye impuestos y cargos;https://www.booking.com/hotel/co/casa-harb.es.html?label=gen173nr-1FCAEoggI46AdIM1gEaDKIAQGYAQq4ARfIAQzYAQHoAQH4AQuIAgGoAgO4Asyvs40GwAIB0gIkZTRjOWZjOTEtZDhjYy00ZWY5LWJhMzQtMGFhNzBiNTY0M2Yw2AIG4AIB&sid=420dd3018f25fed92757eeb7bc5adc9e&aid=304142&ucfs=1&arphpl=1&checkin=2022-01-10&checkout=2022-01-15&group_adults=2&req_adults=2&no_rooms=1&group_children=0&req_children=0&hpos=3&hapos=78&sr_order=distance_from_search&srpvid=9d915a5ba0cf0311&srepoch=1638795085&all_sr_blocks=32819801_270558023_0_1_0&highlighted_blocks=32819801_270558023_0_1_0&matching_block_id=32819801_270558023_0_1_0&sr_pri_blocks=32819801_270558023_0_1_0__472500000&from=searchresults&map=1
On Vacation Magic Hill;San Andrés;7,0;Habitación Doble;4575000;Incluye impuestos y cargos;https://www.booking.com/hotel/co/on-vacation-magic-hill-san-andres.es.html?label=gen173nr-1FCAEoggI46AdIM1gEaDKIAQGYAQq4ARfIAQzYAQHoAQH4AQuIAgGoAgO4Asyvs40GwAIB0gIkZTRjOWZjOTEtZDhjYy00ZWY5LWJhMzQtMGFhNzBiNTY0M2Yw2AIG4AIB&sid=420dd3018f25fed92757eeb7bc5adc9e&aid=304142&ucfs=1&arphpl=1&checkin=2022-01-10&checkout=2022-01-15&group_adults=2&req_adults=2&no_rooms=1&group_children=0&req_children=0&hpos=4&hapos=79&sr_order=distance_from_search&srpvid=9d915a5ba0cf0311&srepoch=1638795085&all_sr_blocks=326128101_334565070_0_0_0&highlighted_blocks=326128101_334565070_0_0_0&matching_block_id=326128101_334565070_0_0_0&sr_pri_blocks=326128101_334565070_0_0_0__457500000&from=searchresults&map=1
Caribbean Corals By Portofino;San Andrés;7,9;Habitación Cuádruple Clásica;2562000;Incluye impuestos y cargos;https://www.booking.com/hotel/co/caribbean-corals.es.html?label=gen173nr-1FCAEoggI46AdIM1gEaDKIAQGYAQq4ARfIAQzYAQHoAQH4AQuIAgGoAgO4Asyvs40GwAIB0gIkZTRjOWZjOTEtZDhjYy00ZWY5LWJhMzQtMGFhNzBiNTY0M2Yw2AIG4AIB&sid=420dd3018f25fed92757eeb7bc5adc9e&aid=304142&ucfs=1&arphpl=1&checkin=2022-01-10&checkout=2022-01-15&group_adults=2&req_adults=2&no_rooms=1&group_children=0&req_children=0&hpos=5&hapos=80&sr_order=distance_from_search&srpvid=9d915a5ba0cf0311&srepoch=1638795085&all_sr_blocks=553407907_328431334_4_1_0&highlighted_blocks=553407907_328431334_4_1_0&matching_block_id=553407907_328431334_4_1_0&sr_pri_blocks=553407907_328431334_4_1_0__256200000&from=searchresults&map=1
Posada Donde Pilo Avila;San Andrés;6,9;Habitación Familiar;855000;Incluye impuestos y cargos;https://www.booking.com/hotel/co/posada-donde-pilo-avila.es.html?label=gen173nr-1FCAEoggI46AdIM1gEaDKIAQGYAQq4ARfIAQzYAQHoAQH4AQuIAgGoAgO4Asyvs40GwAIB0gIkZTRjOWZjOTEtZDhjYy00ZWY5LWJhMzQtMGFhNzBiNTY0M2Yw2AIG4AIB&sid=420dd3018f25fed92757eeb7bc5adc9e&aid=304142&ucfs=1&arphpl=1&checkin=2022-01-10&checkout=2022-01-15&group_adults=2&req_adults=2&no_rooms=1&group_children=0&req_children=0&hpos=6&hapos=81&sr_order=distance_from_search&srpvid=9d915a5ba0cf0311&srepoch=1638795085&all_sr_blocks=120262201_200290564_2_0_0&highlighted_blocks=120262201_200290564_2_0_0&matching_block_id=120262201_200290564_2_0_0&sr_pri_blocks=120262201_200290564_2_0_0__85500000&from=searchresults&map=1
Room in Apartment - Comfortable inn Green Sea Villa Helen Kilometro 4 Circunvalar;San Andrés;Sin puntos; Habitación Doble;875540;Incluye impuestos y cargos;https://www.booking.com/hotel/co/room-in-apartment-comfortable-inn-green-sea-villa-helen-kilometro-4-circunvalar.es.html?label=gen173nr-1FCAEoggI46AdIM1gEaDKIAQGYAQq4ARfIAQzYAQHoAQH4AQuIAgGoAgO4Asyvs40GwAIB0gIkZTRjOWZjOTEtZDhjYy00ZWY5LWJhMzQtMGFhNzBiNTY0M2Yw2AIG4AIB&sid=420dd3018f25fed92757eeb7bc5adc9e&aid=304142&ucfs=1&arphpl=1&checkin=2022-01-10&checkout=2022-01-15&group_adults=2&req_adults=2&no_rooms=1&group_children=0&req_children=0&hpos=7&hapos=82&sr_order=distance_from_search&srpvid=9d915a5ba0cf0311&srepoch=1638795085&all_sr_blocks=687976802_285459039_2_0_0&highlighted_blocks=687976802_285459039_2_0_0&matching_block_id=687976802_285459039_2_0_0&sr_pri_blocks=687976802_285459039_2_0_0__87552500&from=searchresults&map=1
Room in Apartment - Comfortable inn Green Sea Villa Helen Kilometres 4 Circunvalar;La Loma;Sin puntos; Habitación Doble;1194200;Incluye impuestos y cargos;https://www.booking.com/hotel/co/room-in-apartment-comfortable-inn-green-sea-villa-helen-kilometres-4-circunvalar.es.html?label=gen173nr-1FCAEoggI46AdIM1gEaDKIAQGYAQq4ARfIAQzYAQHoAQH4AQuIAgGoAgO4Asyvs40GwAIB0gIkZTRjOWZjOTEtZDhjYy00ZWY5LWJhMzQtMGFhNzBiNTY0M2Yw2AIG4AIB&sid=420dd3018f25fed92757eeb7bc5adc9e&aid=304142&ucfs=1&arphpl=1&checkin=2022-01-10&checkout=2022-01-15&group_adults=2&req_adults=2&no_rooms=1&group_children=0&req_children=0&hpos=8&hapos=83&sr_order=distance_from_search&srpvid=9d915a5ba0cf0311&srepoch=1638795085&all_sr_blocks=720291902_308974949_2_0_0&highlighted_blocks=720291902_308974949_2_0_0&matching_block_id=720291902_308974949_2_0_0&sr_pri_blocks=720291902_308974949_2_0_0__119418500&from=searchresults&map=1
JOEBI'S HOUSE walking distance to Rocky Cay beach;Buenavista;9,3;Habitación Doble - 2 camas;900000;Incluye impuestos y cargos;https://www.booking.com/hotel/co/joebi-39-s-house.es.html?label=gen173nr-1FCAEoggI46AdIM1gEaDKIAQGYAQq4ARfIAQzYAQHoAQH4AQuIAgGoAgO4Asyvs40GwAIB0gIkZTRjOWZjOTEtZDhjYy00ZWY5LWJhMzQtMGFhNzBiNTY0M2Yw2AIG4AIB&sid=420dd3018f25fed92757eeb7bc5adc9e&aid=304142&ucfs=1&arphpl=1&checkin=2022-01-10&checkout=2022-01-15&group_adults=2&req_adults=2&no_rooms=1&group_children=0&req_children=0&hpos=9&hapos=84&sr_order=distance_from_search&srpvid=9d915a5ba0cf0311&srepoch=1638795085&all_sr_blocks=746717301_330680301_2_0_0&highlighted_blocks=746717301_330680301_2_0_0&matching_block_id=746717301_330680301_2_0_0&sr_pri_blocks=746717301_330680301_2_0_0__90000000&from=searchresults&map=1
On Vacation Acantilado de la Tierra;San Andrés;9,2;Habitación Triple;10183800;Incluye impuestos y cargos;https://www.booking.com/hotel/co/acantilado-de-la-tierra.es.html?label=gen173nr-1FCAEoggI46AdIM1gEaDKIAQGYAQq4ARfIAQzYAQHoAQH4AQuIAgGoAgO4Asyvs40GwAIB0gIkZTRjOWZjOTEtZDhjYy00ZWY5LWJhMzQtMGFhNzBiNTY0M2Yw2AIG4AIB&sid=420dd3018f25fed92757eeb7bc5adc9e&aid=304142&ucfs=1&arphpl=1&checkin=2022-01-10&checkout=2022-01-15&group_adults=2&req_adults=2&no_rooms=1&group_children=0&req_children=0&hpos=10&hapos=85&sr_order=distance_from_search&srpvid=9d915a5ba0cf0311&srepoch=1638795085&all_sr_blocks=140655802_334904800_3_1_0&highlighted_blocks=140655802_334904800_3_1_0&matching_block_id=140655802_334904800_3_1_0&sr_pri_blocks=140655802_334904800_3_1_0__1018380000&from=searchresults&map=1
MAR DE CORALES BY CAJASAI;San Andrés;8,7;Habitación Doble Estándar;2736000;Incluye impuestos y cargos;https://www.booking.com/hotel/co/mar-de-corales-by-cajasai.es.html?label=gen173nr-1FCAEoggI46AdIM1gEaDKIAQGYAQq4ARfIAQzYAQHoAQH4AQuIAgGoAgO4Asyvs40GwAIB0gIkZTRjOWZjOTEtZDhjYy00ZWY5LWJhMzQtMGFhNzBiNTY0M2Yw2AIG4AIB&sid=420dd3018f25fed92757eeb7bc5adc9e&aid=304142&ucfs=1&arphpl=1&checkin=2022-01-10&checkout=2022-01-15&group_adults=2&req_adults=2&no_rooms=1&group_children=0&req_children=0&hpos=11&hapos=86&sr_order=distance_from_search&srpvid=9d915a5ba0cf0311&srepoch=1638795085&all_sr_blocks=711583901_336170544_2_1_0&highlighted_blocks=711583901_336170544_2_1_0&matching_block_id=711583901_336170544_2_1_0&sr_pri_blocks=711583901_336170544_2_1_0__273600000&from=searchresults&map=1
HILLSIDE LODGE apartment perfect to work remote from and enjoy a nature retreat;San Andrés;7,8;Loft;1050000;Incluye impuestos y cargos;https://www.booking.com/hotel/co/lodge-on-the-hill.es.html?label=gen173nr-1FCAEoggI46AdIM1gEaDKIAQGYAQq4ARfIAQzYAQHoAQH4AQuIAgGoAgO4Asyvs40GwAIB0gIkZTRjOWZjOTEtZDhjYy00ZWY5LWJhMzQtMGFhNzBiNTY0M2Yw2AIG4AIB&sid=420dd3018f25fed92757eeb7bc5adc9e&aid=304142&ucfs=1&arphpl=1&checkin=2022-01-10&checkout=2022-01-15&group_adults=2&req_adults=2&no_rooms=1&group_children=0&req_children=0&hpos=12&hapos=87&sr_order=distance_from_search&srpvid=9d915a5ba0cf0311&srepoch=1638795085&all_sr_blocks=295010303_336004289_2_34_0&highlighted_blocks=295010303_336004289_2_34_0&matching_block_id=295010303_336004289_2_34_0&sr_pri_blocks=295010303_336004289_2_34_0__105000000&from=searchresults&map=1
Posada Caribbean Refuge;San Andrés;9,5;Habitación Doble;660000;Incluye impuestos y cargos;https://www.booking.com/hotel/co/posada-caribbean-refuge-san-andres.es.html?label=gen173nr-1FCAEoggI46AdIM1gEaDKIAQGYAQq4ARfIAQzYAQHoAQH4AQuIAgGoAgO4Asyvs40GwAIB0gIkZTRjOWZjOTEtZDhjYy00ZWY5LWJhMzQtMGFhNzBiNTY0M2Yw2AIG4AIB&sid=420dd3018f25fed92757eeb7bc5adc9e&aid=304142&ucfs=1&arphpl=1&checkin=2022-01-10&checkout=2022-01-15&group_adults=2&req_adults=2&no_rooms=1&group_children=0&req_children=0&hpos=13&hapos=88&sr_order=distance_from_search&srpvid=9d915a5ba0cf0311&srepoch=1638795085&all_sr_blocks=100674301_273837601_2_0_0&highlighted_blocks=100674301_273837601_2_0_0&matching_block_id=100674301_273837601_2_0_0&sr_pri_blocks=100674301_273837601_2_0_0__66000000&from=searchresults&map=1
Apartment Kool View;San Andrés;9,2;Apartamento;1375000;Incluye impuestos y cargos;https://www.booking.com/hotel/co/kool-view.es.html?label=gen173nr-1FCAEoggI46AdIM1gEaDKIAQGYAQq4ARfIAQzYAQHoAQH4AQuIAgGoAgO4Asyvs40GwAIB0gIkZTRjOWZjOTEtZDhjYy00ZWY5LWJhMzQtMGFhNzBiNTY0M2Yw2AIG4AIB&sid=420dd3018f25fed92757eeb7bc5adc9e&aid=304142&ucfs=1&arphpl=1&checkin=2022-01-10&checkout=2022-01-15&group_adults=2&req_adults=2&no_rooms=1&group_children=0&req_children=0&hpos=14&hapos=89&sr_order=distance_from_search&srpvid=9d915a5ba0cf0311&srepoch=1638795085&all_sr_blocks=259700201_335382148_2_0_0&highlighted_blocks=259700201_335382148_2_0_0&matching_block_id=259700201_335382148_2_0_0&sr_pri_blocks=259700201_335382148_2_0_0__137500000&from=searchresults&map=1
Cabañas Harmony By Alife;San Andrés;8,6;Habitación Doble con balcón ;1250000;Incluye impuestos y cargos;https://www.booking.com/hotel/co/alife-harmony-lodge.es.html?label=gen173nr-1FCAEoggI46AdIM1gEaDKIAQGYAQq4ARfIAQzYAQHoAQH4AQuIAgGoAgO4Asyvs40GwAIB0gIkZTRjOWZjOTEtZDhjYy00ZWY5LWJhMzQtMGFhNzBiNTY0M2Yw2AIG4AIB&sid=420dd3018f25fed92757eeb7bc5adc9e&aid=304142&ucfs=1&arphpl=1&checkin=2022-01-10&checkout=2022-01-15&group_adults=2&req_adults=2&no_rooms=1&group_children=0&req_children=0&hpos=15&hapos=90&sr_order=distance_from_search&srpvid=9d915a5ba0cf0311&srepoch=1638795085&all_sr_blocks=714822501_338578994_2_2_0&highlighted_blocks=714822501_338578994_2_2_0&matching_block_id=714822501_338578994_2_2_0&sr_pri_blocks=714822501_338578994_2_2_0__125000000&from=searchresults&map=1
Room in Lodge - House Of The Sunattic Space Ighouseofthesunadz;Cueva de Morgan;Sin puntos; Habitación Triple;809020;+ COP 153.720 de impuestos y cargos;https://www.booking.com/hotel/co/house-of-the-sunattic-space-ighouseofthesunadz.es.html?label=gen173nr-1FCAEoggI46AdIM1gEaDKIAQGYAQq4ARfIAQzYAQHoAQH4AQuIAgGoAgO4Asyvs40GwAIB0gIkZTRjOWZjOTEtZDhjYy00ZWY5LWJhMzQtMGFhNzBiNTY0M2Yw2AIG4AIB&sid=420dd3018f25fed92757eeb7bc5adc9e&aid=304142&ucfs=1&arphpl=1&checkin=2022-01-10&checkout=2022-01-15&group_adults=2&req_adults=2&no_rooms=1&group_children=0&req_children=0&hpos=16&hapos=91&sr_order=distance_from_search&srpvid=9d915a5ba0cf0311&srepoch=1638795085&all_sr_blocks=630089802_327168087_2_0_0&highlighted_blocks=630089802_327168087_2_0_0&matching_block_id=630089802_327168087_2_0_0&sr_pri_blocks=630089802_327168087_2_0_0__80901000&from=searchresults&map=1
Posada Green Sea San Luis;Cueva de Morgan;Sin puntos;Habitación Doble 3;895540;Incluye impuestos y cargos;https://www.booking.com/hotel/co/posada-green-sea-san-luis-san-luis1.es.html?label=gen173nr-1FCAEoggI46AdIM1gEaDKIAQGYAQq4ARfIAQzYAQHoAQH4AQuIAgGoAgO4Asyvs40GwAIB0gIkZTRjOWZjOTEtZDhjYy00ZWY5LWJhMzQtMGFhNzBiNTY0M2Yw2AIG4AIB&sid=420dd3018f25fed92757eeb7bc5adc9e&aid=304142&ucfs=1&arphpl=1&checkin=2022-01-10&checkout=2022-01-15&group_adults=2&req_adults=2&no_rooms=1&group_children=0&req_children=0&hpos=17&hapos=92&sr_order=distance_from_search&srpvid=9d915a5ba0cf0311&srepoch=1638795085&all_sr_blocks=564446005_298754073_2_0_0&highlighted_blocks=564446005_298754073_2_0_0&matching_block_id=564446005_298754073_2_0_0&sr_pri_blocks=564446005_298754073_2_0_0__89552500&from=searchresults&map=1
Sol Caribe Campo All Inclusive;San Andrés;7,7;Habitación Triple;8051260;Incluye impuestos y cargos;https://www.booking.com/hotel/co/sol-caribe-campo.es.html?label=gen173nr-1FCAEoggI46AdIM1gEaDKIAQGYAQq4ARfIAQzYAQHoAQH4AQuIAgGoAgO4Asyvs40GwAIB0gIkZTRjOWZjOTEtZDhjYy00ZWY5LWJhMzQtMGFhNzBiNTY0M2Yw2AIG4AIB&sid=420dd3018f25fed92757eeb7bc5adc9e&aid=304142&ucfs=1&arphpl=1&checkin=2022-01-10&checkout=2022-01-15&group_adults=2&req_adults=2&no_rooms=1&group_children=0&req_children=0&hpos=18&hapos=93&sr_order=distance_from_search&srpvid=9d915a5ba0cf0311&srepoch=1638795085&all_sr_blocks=29340306_338031449_0_85_0&highlighted_blocks=29340306_338031449_0_85_0&matching_block_id=29340306_338031449_0_85_0&sr_pri_blocks=29340306_338031449_0_85_0__805125000&from=searchresults&map=1
Inn Skyline Hostel;San Andrés;9,2;Habitación Cuádruple con baño privado;1530000;Incluye impuestos y cargos;https://www.booking.com/hotel/co/inn-skyline-hostel.es.html?label=gen173nr-1FCAEoggI46AdIM1gEaDKIAQGYAQq4ARfIAQzYAQHoAQH4AQuIAgGoAgO4Asyvs40GwAIB0gIkZTRjOWZjOTEtZDhjYy00ZWY5LWJhMzQtMGFhNzBiNTY0M2Yw2AIG4AIB&sid=420dd3018f25fed92757eeb7bc5adc9e&aid=304142&ucfs=1&arphpl=1&checkin=2022-01-10&checkout=2022-01-15&group_adults=2&req_adults=2&no_rooms=1&group_children=0&req_children=0&hpos=19&hapos=94&sr_order=distance_from_search&srpvid=9d915a5ba0cf0311&srepoch=1638795085&all_sr_blocks=476183105_298313441_2_0_0&highlighted_blocks=476183105_298313441_2_0_0&matching_block_id=476183105_298313441_2_0_0&sr_pri_blocks=476183105_298313441_2_0_0__153000000&from=searchresults&map=1
Green Sea Inn San Luis Tefonoymar Of The 7 Colors;Buenavista;Sin puntos; Habitación Doble;1215960;+ COP 231.040 de impuestos y cargos;https://www.booking.com/hotel/co/green-sea-inn-san-luis-tefonoymar-of-the-7-colors.es.html?label=gen173nr-1FCAEoggI46AdIM1gEaDKIAQGYAQq4ARfIAQzYAQHoAQH4AQuIAgGoAgO4Asyvs40GwAIB0gIkZTRjOWZjOTEtZDhjYy00ZWY5LWJhMzQtMGFhNzBiNTY0M2Yw2AIG4AIB&sid=420dd3018f25fed92757eeb7bc5adc9e&aid=304142&ucfs=1&arphpl=1&checkin=2022-01-10&checkout=2022-01-15&group_adults=2&req_adults=2&no_rooms=1&group_children=0&req_children=0&hpos=20&hapos=95&sr_order=distance_from_search&srpvid=9d915a5ba0cf0311&srepoch=1638795085&all_sr_blocks=552953805_338544129_2_0_0&highlighted_blocks=552953805_338544129_2_0_0&matching_block_id=552953805_338544129_2_0_0&sr_pri_blocks=552953805_338544129_2_0_0__121596000&from=searchresults&map=1
Posada green sea villa helen kilometro 4 circumbalar;Buenavista;Sin puntos; Habitación Doble;872640;+ COP 165.820 de impuestos y cargos;https://www.booking.com/hotel/co/posada-green-sea-villa-helen-kilometro-4-circumbalar.es.html?label=gen173nr-1FCAEoggI46AdIM1gEaDKIAQGYAQq4ARfIAQzYAQHoAQH4AQuIAgGoAgO4Asyvs40GwAIB0gIkZTRjOWZjOTEtZDhjYy00ZWY5LWJhMzQtMGFhNzBiNTY0M2Yw2AIG4AIB&sid=420dd3018f25fed92757eeb7bc5adc9e&aid=304142&ucfs=1&arphpl=1&checkin=2022-01-10&checkout=2022-01-15&group_adults=2&req_adults=2&no_rooms=1&group_children=0&req_children=0&hpos=21&hapos=96&sr_order=distance_from_search&srpvid=9d915a5ba0cf0311&srepoch=1638795085&all_sr_blocks=491418002_328932214_2_0_0&highlighted_blocks=491418002_328932214_2_0_0&matching_block_id=491418002_328932214_2_0_0&sr_pri_blocks=491418002_328932214_2_0_0__87264000&from=searchresults&map=1
posada mista buku;Cueva de Morgan;Sin puntos;Habitación Doble;1000000;Incluye impuestos y cargos;https://www.booking.com/hotel/co/posada-mista-buku.es.html?label=gen173nr-1FCAEoggI46AdIM1gEaDKIAQGYAQq4ARfIAQzYAQHoAQH4AQuIAgGoAgO4Asyvs40GwAIB0gIkZTRjOWZjOTEtZDhjYy00ZWY5LWJhMzQtMGFhNzBiNTY0M2Yw2AIG4AIB&sid=420dd3018f25fed92757eeb7bc5adc9e&aid=304142&ucfs=1&arphpl=1&checkin=2022-01-10&checkout=2022-01-15&group_adults=2&req_adults=2&no_rooms=1&group_children=0&req_children=0&hpos=22&hapos=97&sr_order=distance_from_search&srpvid=9d915a5ba0cf0311&srepoch=1638795085&all_sr_blocks=719339901_306966950_2_0_0&highlighted_blocks=719339901_306966950_2_0_0&matching_block_id=719339901_306966950_2_0_0&sr_pri_blocks=719339901_306966950_2_0_0__100000000&from=searchresults&map=1
Victoria's Gennie Bay Village Hostal;San Andrés;8,7;Habitación Doble Económica - 1 o 2 camas;1410760;Incluye impuestos y cargos;https://www.booking.com/hotel/co/victorias-gennie-bay-village-hostal-san-andres.es.html?label=gen173nr-1FCAEoggI46AdIM1gEaDKIAQGYAQq4ARfIAQzYAQHoAQH4AQuIAgGoAgO4Asyvs40GwAIB0gIkZTRjOWZjOTEtZDhjYy00ZWY5LWJhMzQtMGFhNzBiNTY0M2Yw2AIG4AIB&sid=420dd3018f25fed92757eeb7bc5adc9e&aid=304142&ucfs=1&arphpl=1&checkin=2022-01-10&checkout=2022-01-15&group_adults=2&req_adults=2&no_rooms=1&group_children=0&req_children=0&hpos=23&hapos=98&sr_order=distance_from_search&srpvid=9d915a5ba0cf0311&srepoch=1638795085&all_sr_blocks=240751501_269030004_2_0_0&highlighted_blocks=240751501_269030004_2_0_0&matching_block_id=240751501_269030004_2_0_0&sr_pri_blocks=240751501_269030004_2_0_0__141075000&from=searchresults&map=1
Carib Tea House cerca la playa;Cueva de Morgan;Sin puntos;Casa de 3 dormitorios;1050000;+ COP 168.000 de impuestos y cargos;https://www.booking.com/hotel/co/carib-tea-house-cerca-la-playa.es.html?label=gen173nr-1FCAEoggI46AdIM1gEaDKIAQGYAQq4ARfIAQzYAQHoAQH4AQuIAgGoAgO4Asyvs40GwAIB0gIkZTRjOWZjOTEtZDhjYy00ZWY5LWJhMzQtMGFhNzBiNTY0M2Yw2AIG4AIB&sid=420dd3018f25fed92757eeb7bc5adc9e&aid=304142&ucfs=1&arphpl=1&checkin=2022-01-10&checkout=2022-01-15&group_adults=2&req_adults=2&no_rooms=1&group_children=0&req_children=0&hpos=24&hapos=99&sr_order=distance_from_search&srpvid=9d915a5ba0cf0311&srepoch=1638795085&all_sr_blocks=780284501_336436612_2_2_0&highlighted_blocks=780284501_336436612_2_2_0&matching_block_id=780284501_336436612_2_2_0&sr_pri_blocks=780284501_336436612_2_2_0__105000000&from=searchresults&map=1
Hotel Isla Bonita;San Andrés;7,4;Habitación Doble;2800000;Incluye impuestos y cargos;https://www.booking.com/hotel/co/isla-bonita.es.html?label=gen173nr-1FCAEoggI46AdIM1gEaDKIAQGYAQq4ARfIAQzYAQHoAQH4AQuIAgGoAgO4Asyvs40GwAIB0gIkZTRjOWZjOTEtZDhjYy00ZWY5LWJhMzQtMGFhNzBiNTY0M2Yw2AIG4AIB&sid=420dd3018f25fed92757eeb7bc5adc9e&aid=304142&ucfs=1&arphpl=1&checkin=2022-01-10&checkout=2022-01-15&group_adults=2&req_adults=2&no_rooms=1&group_children=0&req_children=0&hpos=0&hapos=100&sr_order=distance_from_search&srpvid=9d915a5ba0cf0311&srepoch=1638795089&all_sr_blocks=271715201_333461471_2_34_0&highlighted_blocks=271715201_333461471_2_34_0&matching_block_id=271715201_333461471_2_34_0&sr_pri_blocks=271715201_333461471_2_34_0__280000000&from=searchresults&map=1
Big V Raizal Home;San Andrés;9,2;Cama individual en habitación compartida - 4 camas;650000;Incluye impuestos y cargos;https://www.booking.com/hotel/co/big-v-raizal-home.es.html?label=gen173nr-1FCAEoggI46AdIM1gEaDKIAQGYAQq4ARfIAQzYAQHoAQH4AQuIAgGoAgO4Asyvs40GwAIB0gIkZTRjOWZjOTEtZDhjYy00ZWY5LWJhMzQtMGFhNzBiNTY0M2Yw2AIG4AIB&sid=420dd3018f25fed92757eeb7bc5adc9e&aid=304142&ucfs=1&arphpl=1&checkin=2022-01-10&checkout=2022-01-15&group_adults=2&req_adults=2&no_rooms=1&group_children=0&req_children=0&hpos=1&hapos=101&sr_order=distance_from_search&srpvid=9d915a5ba0cf0311&srepoch=1638795089&all_sr_blocks=342483502_144099540_1_1_0%2C342483502_144099540_1_1_0&highlighted_blocks=342483502_144099540_1_1_0%2C342483502_144099540_1_1_0&matching_block_id=342483502_144099540_1_1_0&sr_pri_blocks=342483502_144099540_1_1_0__32500000%2C342483502_144099540_1_1_0__32500000&from=searchresults&map=1
Apartamentos Chalet del Mar;San Andrés;9,0;Apartamento Estudio ;2750000;Incluye impuestos y cargos;https://www.booking.com/hotel/co/chalet-del-mar.es.html?label=gen173nr-1FCAEoggI46AdIM1gEaDKIAQGYAQq4ARfIAQzYAQHoAQH4AQuIAgGoAgO4Asyvs40GwAIB0gIkZTRjOWZjOTEtZDhjYy00ZWY5LWJhMzQtMGFhNzBiNTY0M2Yw2AIG4AIB&sid=420dd3018f25fed92757eeb7bc5adc9e&aid=304142&ucfs=1&arphpl=1&checkin=2022-01-10&checkout=2022-01-15&group_adults=2&req_adults=2&no_rooms=1&group_children=0&req_children=0&hpos=2&hapos=102&sr_order=distance_from_search&srpvid=9d915a5ba0cf0311&srepoch=1638795089&all_sr_blocks=175191414_127758080_2_0_0&highlighted_blocks=175191414_127758080_2_0_0&matching_block_id=175191414_127758080_2_0_0&sr_pri_blocks=175191414_127758080_2_0_0__275000000&from=searchresults&map=1
Siloe Cove;San Andrés;8,9;Suite con cama grande y balcón;2070000;Incluye impuestos y cargos;https://www.booking.com/hotel/co/siloecove.es.html?label=gen173nr-1FCAEoggI46AdIM1gEaDKIAQGYAQq4ARfIAQzYAQHoAQH4AQuIAgGoAgO4Asyvs40GwAIB0gIkZTRjOWZjOTEtZDhjYy00ZWY5LWJhMzQtMGFhNzBiNTY0M2Yw2AIG4AIB&sid=420dd3018f25fed92757eeb7bc5adc9e&aid=304142&ucfs=1&arphpl=1&checkin=2022-01-10&checkout=2022-01-15&group_adults=2&req_adults=2&no_rooms=1&group_children=0&req_children=0&hpos=3&hapos=103&sr_order=distance_from_search&srpvid=9d915a5ba0cf0311&srepoch=1638795089&all_sr_blocks=155194801_335492809_2_0_0&highlighted_blocks=155194801_335492809_2_0_0&matching_block_id=155194801_335492809_2_0_0&sr_pri_blocks=155194801_335492809_2_0_0__207000000&from=searchresults&map=1
Posada Nativa Trinsan Campestre;San Andrés;9,2;Habitación Doble Estándar;950000;Incluye impuestos y cargos;https://www.booking.com/hotel/co/posada-nativa-trinsan-i-casa-de-campo.es.html?label=gen173nr-1FCAEoggI46AdIM1gEaDKIAQGYAQq4ARfIAQzYAQHoAQH4AQuIAgGoAgO4Asyvs40GwAIB0gIkZTRjOWZjOTEtZDhjYy00ZWY5LWJhMzQtMGFhNzBiNTY0M2Yw2AIG4AIB&sid=420dd3018f25fed92757eeb7bc5adc9e&aid=304142&ucfs=1&arphpl=1&checkin=2022-01-10&checkout=2022-01-15&group_adults=2&req_adults=2&no_rooms=1&group_children=0&req_children=0&hpos=4&hapos=104&sr_order=distance_from_search&srpvid=9d915a5ba0cf0311&srepoch=1638795089&all_sr_blocks=42741701_339027544_2_0_0&highlighted_blocks=42741701_339027544_2_0_0&matching_block_id=42741701_339027544_2_0_0&sr_pri_blocks=42741701_339027544_2_0_0__95000000&from=searchresults&map=1
San Andrés Scuba Boutique Hotel;San Andrés;7,8;Habitación Doble con baño privado;2250000;Incluye impuestos y cargos;https://www.booking.com/hotel/co/bosques-de-san-geronimo.es.html?label=gen173nr-1FCAEoggI46AdIM1gEaDKIAQGYAQq4ARfIAQzYAQHoAQH4AQuIAgGoAgO4Asyvs40GwAIB0gIkZTRjOWZjOTEtZDhjYy00ZWY5LWJhMzQtMGFhNzBiNTY0M2Yw2AIG4AIB&sid=420dd3018f25fed92757eeb7bc5adc9e&aid=304142&ucfs=1&arphpl=1&checkin=2022-01-10&checkout=2022-01-15&group_adults=2&req_adults=2&no_rooms=1&group_children=0&req_children=0&hpos=5&hapos=105&sr_order=distance_from_search&srpvid=9d915a5ba0cf0311&srepoch=1638795089&all_sr_blocks=255107001_119893371_2_41_0&highlighted_blocks=255107001_119893371_2_41_0&matching_block_id=255107001_119893371_2_41_0&sr_pri_blocks=255107001_119893371_2_41_0__225000000&from=searchresults&map=1
On Vacation Blue Cove;San Andrés;5,3;Habitación Doble - 1 o 2 camas;5715000;Incluye impuestos y cargos;https://www.booking.com/hotel/co/cove.es.html?label=gen173nr-1FCAEoggI46AdIM1gEaDKIAQGYAQq4ARfIAQzYAQHoAQH4AQuIAgGoAgO4Asyvs40GwAIB0gIkZTRjOWZjOTEtZDhjYy00ZWY5LWJhMzQtMGFhNzBiNTY0M2Yw2AIG4AIB&sid=420dd3018f25fed92757eeb7bc5adc9e&aid=304142&ucfs=1&arphpl=1&checkin=2022-01-10&checkout=2022-01-15&group_adults=2&req_adults=2&no_rooms=1&group_children=0&req_children=0&hpos=6&hapos=106&sr_order=distance_from_search&srpvid=9d915a5ba0cf0311&srepoch=1638795089&all_sr_blocks=49743601_334565098_2_1_0&highlighted_blocks=49743601_334565098_2_1_0&matching_block_id=49743601_334565098_2_1_0&sr_pri_blocks=49743601_334565098_2_1_0__571500000&from=searchresults&map=1
Hotel MS San Luis Village Beach House;San Andrés;6,4;Habitación Triple con vistas a la piscina;4735500;Incluye impuestos y cargos;https://www.booking.com/hotel/co/san-luis-village.es.html?label=gen173nr-1FCAEoggI46AdIM1gEaDKIAQGYAQq4ARfIAQzYAQHoAQH4AQuIAgGoAgO4Asyvs40GwAIB0gIkZTRjOWZjOTEtZDhjYy00ZWY5LWJhMzQtMGFhNzBiNTY0M2Yw2AIG4AIB&sid=420dd3018f25fed92757eeb7bc5adc9e&aid=304142&ucfs=1&arphpl=1&checkin=2022-01-10&checkout=2022-01-15&group_adults=2&req_adults=2&no_rooms=1&group_children=0&req_children=0&hpos=7&hapos=107&sr_order=distance_from_search&srpvid=9d915a5ba0cf0311&srepoch=1638795089&all_sr_blocks=32317310_327959525_2_1_0&highlighted_blocks=32317310_327959525_2_1_0&matching_block_id=32317310_327959525_2_1_0&sr_pri_blocks=32317310_327959525_2_1_0__473550000&from=searchresults&map=1
Sunny Beach Apartments;San Andrés;8,3;Apartamento con vistas al mar;1800000;+ COP 288.000 de impuestos y cargos;https://www.booking.com/hotel/co/sunny-beach-apartments.es.html?label=gen173nr-1FCAEoggI46AdIM1gEaDKIAQGYAQq4ARfIAQzYAQHoAQH4AQuIAgGoAgO4Asyvs40GwAIB0gIkZTRjOWZjOTEtZDhjYy00ZWY5LWJhMzQtMGFhNzBiNTY0M2Yw2AIG4AIB&sid=420dd3018f25fed92757eeb7bc5adc9e&aid=304142&ucfs=1&arphpl=1&checkin=2022-01-10&checkout=2022-01-15&group_adults=2&req_adults=2&no_rooms=1&group_children=0&req_children=0&hpos=8&hapos=108&sr_order=distance_from_search&srpvid=9d915a5ba0cf0311&srepoch=1638795089&all_sr_blocks=281718202_279635248_4_0_0&highlighted_blocks=281718202_279635248_4_0_0&matching_block_id=281718202_279635248_4_0_0&sr_pri_blocks=281718202_279635248_4_0_0__180000000&from=searchresults&map=1
Summer Dream Hotel Boutique;San Andrés;6,3;Suite Junior;2317500;Incluye impuestos y cargos;https://www.booking.com/hotel/co/summer-dream-house.es.html?label=gen173nr-1FCAEoggI46AdIM1gEaDKIAQGYAQq4ARfIAQzYAQHoAQH4AQuIAgGoAgO4Asyvs40GwAIB0gIkZTRjOWZjOTEtZDhjYy00ZWY5LWJhMzQtMGFhNzBiNTY0M2Yw2AIG4AIB&sid=420dd3018f25fed92757eeb7bc5adc9e&aid=304142&ucfs=1&arphpl=1&checkin=2022-01-10&checkout=2022-01-15&group_adults=2&req_adults=2&no_rooms=1&group_children=0&req_children=0&hpos=9&hapos=109&sr_order=distance_from_search&srpvid=9d915a5ba0cf0311&srepoch=1638795089&all_sr_blocks=79674401_89185205_2_0_0&highlighted_blocks=79674401_89185205_2_0_0&matching_block_id=79674401_89185205_2_0_0&sr_pri_blocks=79674401_89185205_2_0_0__231750000&from=searchresults&map=1
Miraflores Boutique Hotel;San Andrés;9,1;Suite con bañera de hidromasaje - Cama extragrande;4500000;Incluye impuestos y cargos;https://www.booking.com/hotel/co/miraflores-san-andres1.es.html?label=gen173nr-1FCAEoggI46AdIM1gEaDKIAQGYAQq4ARfIAQzYAQHoAQH4AQuIAgGoAgO4Asyvs40GwAIB0gIkZTRjOWZjOTEtZDhjYy00ZWY5LWJhMzQtMGFhNzBiNTY0M2Yw2AIG4AIB&sid=420dd3018f25fed92757eeb7bc5adc9e&aid=304142&ucfs=1&arphpl=1&checkin=2022-01-10&checkout=2022-01-15&group_adults=2&req_adults=2&no_rooms=1&group_children=0&req_children=0&hpos=10&hapos=110&sr_order=distance_from_search&srpvid=9d915a5ba0cf0311&srepoch=1638795089&all_sr_blocks=284769206_272095626_2_33_0&highlighted_blocks=284769206_272095626_2_33_0&matching_block_id=284769206_272095626_2_33_0&sr_pri_blocks=284769206_272095626_2_33_0__450000000&from=searchresults&map=1
República Hostel San Andres;San Andrés;8,7;Cama en habitación compartida mixta de 8 camas;646380;Incluye impuestos y cargos;https://www.booking.com/hotel/co/republica-hostel-san-andres.es.html?label=gen173nr-1FCAEoggI46AdIM1gEaDKIAQGYAQq4ARfIAQzYAQHoAQH4AQuIAgGoAgO4Asyvs40GwAIB0gIkZTRjOWZjOTEtZDhjYy00ZWY5LWJhMzQtMGFhNzBiNTY0M2Yw2AIG4AIB&sid=420dd3018f25fed92757eeb7bc5adc9e&aid=304142&ucfs=1&arphpl=1&checkin=2022-01-10&checkout=2022-01-15&group_adults=2&req_adults=2&no_rooms=1&group_children=0&req_children=0&hpos=11&hapos=111&sr_order=distance_from_search&srpvid=9d915a5ba0cf0311&srepoch=1638795089&all_sr_blocks=521550712_338503340_0_0_0%2C521550712_338503340_0_0_0&highlighted_blocks=521550712_338503340_0_0_0%2C521550712_338503340_0_0_0&matching_block_id=521550712_338503340_0_0_0&sr_pri_blocks=521550712_338503340_0_0_0__32319000%2C521550712_338503340_0_0_0__32319000&from=searchresults&map=1
Coral House;San Andrés;8,3;Habitación Doble con balcón ;1000000;Incluye impuestos y cargos;https://www.booking.com/hotel/co/coral-house.es.html?label=gen173nr-1FCAEoggI46AdIM1gEaDKIAQGYAQq4ARfIAQzYAQHoAQH4AQuIAgGoAgO4Asyvs40GwAIB0gIkZTRjOWZjOTEtZDhjYy00ZWY5LWJhMzQtMGFhNzBiNTY0M2Yw2AIG4AIB&sid=420dd3018f25fed92757eeb7bc5adc9e&aid=304142&ucfs=1&arphpl=1&checkin=2022-01-10&checkout=2022-01-15&group_adults=2&req_adults=2&no_rooms=1&group_children=0&req_children=0&hpos=12&hapos=112&sr_order=distance_from_search&srpvid=9d915a5ba0cf0311&srepoch=1638795089&all_sr_blocks=151587105_333193025_2_0_0&highlighted_blocks=151587105_333193025_2_0_0&matching_block_id=151587105_333193025_2_0_0&sr_pri_blocks=151587105_333193025_2_0_0__100000000&from=searchresults&map=1
Decameron San Luis - All Inclusive;San Andrés;7,0;Habitación Doble - 1 o 2 camas;5475020;Incluye impuestos y cargos;https://www.booking.com/hotel/co/decameron-san-luis.es.html?label=gen173nr-1FCAEoggI46AdIM1gEaDKIAQGYAQq4ARfIAQzYAQHoAQH4AQuIAgGoAgO4Asyvs40GwAIB0gIkZTRjOWZjOTEtZDhjYy00ZWY5LWJhMzQtMGFhNzBiNTY0M2Yw2AIG4AIB&sid=420dd3018f25fed92757eeb7bc5adc9e&aid=304142&ucfs=1&arphpl=1&checkin=2022-01-10&checkout=2022-01-15&group_adults=2&req_adults=2&no_rooms=1&group_children=0&req_children=0&hpos=13&hapos=113&sr_order=distance_from_search&srpvid=9d915a5ba0cf0311&srepoch=1638795089&all_sr_blocks=34714101_335375524_2_85_0&highlighted_blocks=34714101_335375524_2_85_0&matching_block_id=34714101_335375524_2_85_0&sr_pri_blocks=34714101_335375524_2_85_0__547501000&from=searchresults&map=1
Casa Royal Palm Inn;San Andrés;9,2;Habitación Triple;1487500;Incluye impuestos y cargos;https://www.booking.com/hotel/co/royal-palm-inn.es.html?label=gen173nr-1FCAEoggI46AdIM1gEaDKIAQGYAQq4ARfIAQzYAQHoAQH4AQuIAgGoAgO4Asyvs40GwAIB0gIkZTRjOWZjOTEtZDhjYy00ZWY5LWJhMzQtMGFhNzBiNTY0M2Yw2AIG4AIB&sid=420dd3018f25fed92757eeb7bc5adc9e&aid=304142&ucfs=1&arphpl=1&checkin=2022-01-10&checkout=2022-01-15&group_adults=2&req_adults=2&no_rooms=1&group_children=0&req_children=0&hpos=14&hapos=114&sr_order=distance_from_search&srpvid=9d915a5ba0cf0311&srepoch=1638795089&all_sr_blocks=148622103_234002725_2_34_0&highlighted_blocks=148622103_234002725_2_34_0&matching_block_id=148622103_234002725_2_34_0&sr_pri_blocks=148622103_234002725_2_34_0__148750000&from=searchresults&map=1
Casa Ingrid;San Andrés;9,1;Estudio Doble;950000;+ COP 100.000 de impuestos y cargos;https://www.booking.com/hotel/co/casa-ingrid.es.html?label=gen173nr-1FCAEoggI46AdIM1gEaDKIAQGYAQq4ARfIAQzYAQHoAQH4AQuIAgGoAgO4Asyvs40GwAIB0gIkZTRjOWZjOTEtZDhjYy00ZWY5LWJhMzQtMGFhNzBiNTY0M2Yw2AIG4AIB&sid=420dd3018f25fed92757eeb7bc5adc9e&aid=304142&ucfs=1&arphpl=1&checkin=2022-01-10&checkout=2022-01-15&group_adults=2&req_adults=2&no_rooms=1&group_children=0&req_children=0&hpos=15&hapos=115&sr_order=distance_from_search&srpvid=9d915a5ba0cf0311&srepoch=1638795089&all_sr_blocks=103422302_340902676_2_0_0&highlighted_blocks=103422302_340902676_2_0_0&matching_block_id=103422302_340902676_2_0_0&sr_pri_blocks=103422302_340902676_2_0_0__95000000&from=searchresults&map=1
Casa Las Palmas Hotel Boutique;San Andrés;8,3;Suite Deluxe;3075000;Incluye impuestos y cargos;https://www.booking.com/hotel/co/casa-las-palmas-boutique.es.html?label=gen173nr-1FCAEoggI46AdIM1gEaDKIAQGYAQq4ARfIAQzYAQHoAQH4AQuIAgGoAgO4Asyvs40GwAIB0gIkZTRjOWZjOTEtZDhjYy00ZWY5LWJhMzQtMGFhNzBiNTY0M2Yw2AIG4AIB&sid=420dd3018f25fed92757eeb7bc5adc9e&aid=304142&ucfs=1&arphpl=1&checkin=2022-01-10&checkout=2022-01-15&group_adults=2&req_adults=2&no_rooms=1&group_children=0&req_children=0&hpos=16&hapos=116&sr_order=distance_from_search&srpvid=9d915a5ba0cf0311&srepoch=1638795089&all_sr_blocks=57531403_289908023_0_1_0&highlighted_blocks=57531403_289908023_0_1_0&matching_block_id=57531403_289908023_0_1_0&sr_pri_blocks=57531403_289908023_0_1_0__307500000&from=searchresults&map=1
Sunset Hotel;San Andrés;8,9;Habitación Doble;1800000;Incluye impuestos y cargos;https://www.booking.com/hotel/co/sunset.es.html?label=gen173nr-1FCAEoggI46AdIM1gEaDKIAQGYAQq4ARfIAQzYAQHoAQH4AQuIAgGoAgO4Asyvs40GwAIB0gIkZTRjOWZjOTEtZDhjYy00ZWY5LWJhMzQtMGFhNzBiNTY0M2Yw2AIG4AIB&sid=420dd3018f25fed92757eeb7bc5adc9e&aid=304142&ucfs=1&arphpl=1&checkin=2022-01-10&checkout=2022-01-15&group_adults=2&req_adults=2&no_rooms=1&group_children=0&req_children=0&hpos=17&hapos=117&sr_order=distance_from_search&srpvid=9d915a5ba0cf0311&srepoch=1638795089&all_sr_blocks=38337701_256773928_0_41_0&highlighted_blocks=38337701_256773928_0_41_0&matching_block_id=38337701_256773928_0_41_0&sr_pri_blocks=38337701_256773928_0_41_0__180000000&from=searchresults&map=1
Dimare Eco Hotel;San Andrés;7,3;Habitación cuádruple;6160000;Incluye impuestos y cargos;https://www.booking.com/hotel/co/dimare-eco.es.html?label=gen173nr-1FCAEoggI46AdIM1gEaDKIAQGYAQq4ARfIAQzYAQHoAQH4AQuIAgGoAgO4Asyvs40GwAIB0gIkZTRjOWZjOTEtZDhjYy00ZWY5LWJhMzQtMGFhNzBiNTY0M2Yw2AIG4AIB&sid=420dd3018f25fed92757eeb7bc5adc9e&aid=304142&ucfs=1&arphpl=1&checkin=2022-01-10&checkout=2022-01-15&group_adults=2&req_adults=2&no_rooms=1&group_children=0&req_children=0&hpos=18&hapos=118&sr_order=distance_from_search&srpvid=9d915a5ba0cf0311&srepoch=1638795089&all_sr_blocks=768315202_339976638_0_0_0&highlighted_blocks=768315202_339976638_0_0_0&matching_block_id=768315202_339976638_0_0_0&sr_pri_blocks=768315202_339976638_0_0_0__616000000&from=searchresults&map=1
Casa de las Flores tropical;San Andrés;9,1;Habitación Doble;2150000;Incluye impuestos y cargos;https://www.booking.com/hotel/co/casa-de-las-flores-tropical-lodge.es.html?label=gen173nr-1FCAEoggI46AdIM1gEaDKIAQGYAQq4ARfIAQzYAQHoAQH4AQuIAgGoAgO4Asyvs40GwAIB0gIkZTRjOWZjOTEtZDhjYy00ZWY5LWJhMzQtMGFhNzBiNTY0M2Yw2AIG4AIB&sid=420dd3018f25fed92757eeb7bc5adc9e&aid=304142&ucfs=1&arphpl=1&checkin=2022-01-10&checkout=2022-01-15&group_adults=2&req_adults=2&no_rooms=1&group_children=0&req_children=0&hpos=19&hapos=119&sr_order=distance_from_search&srpvid=9d915a5ba0cf0311&srepoch=1638795089&all_sr_blocks=54886112_123089397_0_41_0&highlighted_blocks=54886112_123089397_0_41_0&matching_block_id=54886112_123089397_0_41_0&sr_pri_blocks=54886112_123089397_0_41_0__215000000&from=searchresults&map=1
Posada Boutique South Beach;San Andrés;9,7;Habitación Doble;1900000;Incluye impuestos y cargos;https://www.booking.com/hotel/co/posada-boutique-south-beach.es.html?label=gen173nr-1FCAEoggI46AdIM1gEaDKIAQGYAQq4ARfIAQzYAQHoAQH4AQuIAgGoAgO4Asyvs40GwAIB0gIkZTRjOWZjOTEtZDhjYy00ZWY5LWJhMzQtMGFhNzBiNTY0M2Yw2AIG4AIB&sid=420dd3018f25fed92757eeb7bc5adc9e&aid=304142&ucfs=1&arphpl=1&checkin=2022-01-10&checkout=2022-01-15&group_adults=2&req_adults=2&no_rooms=1&group_children=0&req_children=0&hpos=20&hapos=120&sr_order=distance_from_search&srpvid=9d915a5ba0cf0311&srepoch=1638795089&all_sr_blocks=133966802_200353138_2_1_0&highlighted_blocks=133966802_200353138_2_1_0&matching_block_id=133966802_200353138_2_1_0&sr_pri_blocks=133966802_200353138_2_1_0__190000000&from=searchresults&map=1
Hosteria Mar y Sol;San Andrés;7,9;Habitación Doble con terraza;1565000;Incluye impuestos y cargos;https://www.booking.com/hotel/co/hosteria-mar-y-sol.es.html?label=gen173nr-1FCAEoggI46AdIM1gEaDKIAQGYAQq4ARfIAQzYAQHoAQH4AQuIAgGoAgO4Asyvs40GwAIB0gIkZTRjOWZjOTEtZDhjYy00ZWY5LWJhMzQtMGFhNzBiNTY0M2Yw2AIG4AIB&sid=420dd3018f25fed92757eeb7bc5adc9e&aid=304142&ucfs=1&arphpl=1&checkin=2022-01-10&checkout=2022-01-15&group_adults=2&req_adults=2&no_rooms=1&group_children=0&req_children=0&hpos=21&hapos=121&sr_order=distance_from_search&srpvid=9d915a5ba0cf0311&srepoch=1638795089&all_sr_blocks=35324801_335376140_2_0_0&highlighted_blocks=35324801_335376140_2_0_0&matching_block_id=35324801_335376140_2_0_0&sr_pri_blocks=35324801_335376140_2_0_0__156500000&from=searchresults&map=1
Solare SAI Ecohotel;San Andrés;7,9;Suite Junior;2992500;Incluye impuestos y cargos;https://www.booking.com/hotel/co/solare-sai-cabanas-campestres.es.html?label=gen173nr-1FCAEoggI46AdIM1gEaDKIAQGYAQq4ARfIAQzYAQHoAQH4AQuIAgGoAgO4Asyvs40GwAIB0gIkZTRjOWZjOTEtZDhjYy00ZWY5LWJhMzQtMGFhNzBiNTY0M2Yw2AIG4AIB&sid=420dd3018f25fed92757eeb7bc5adc9e&aid=304142&ucfs=1&arphpl=1&checkin=2022-01-10&checkout=2022-01-15&group_adults=2&req_adults=2&no_rooms=1&group_children=0&req_children=0&hpos=22&hapos=122&sr_order=distance_from_search&srpvid=9d915a5ba0cf0311&srepoch=1638795089&all_sr_blocks=212614302_336042716_2_41_0&highlighted_blocks=212614302_336042716_2_41_0&matching_block_id=212614302_336042716_2_41_0&sr_pri_blocks=212614302_336042716_2_41_0__299250000&from=searchresults&map=1
South End Villas;San Andrés;8,7;Apartamento;2147640;+ COP 50.000 de impuestos y cargos;https://www.booking.com/hotel/co/south-end-villas.es.html?label=gen173nr-1FCAEoggI46AdIM1gEaDKIAQGYAQq4ARfIAQzYAQHoAQH4AQuIAgGoAgO4Asyvs40GwAIB0gIkZTRjOWZjOTEtZDhjYy00ZWY5LWJhMzQtMGFhNzBiNTY0M2Yw2AIG4AIB&sid=420dd3018f25fed92757eeb7bc5adc9e&aid=304142&ucfs=1&arphpl=1&checkin=2022-01-10&checkout=2022-01-15&group_adults=2&req_adults=2&no_rooms=1&group_children=0&req_children=0&hpos=23&hapos=123&sr_order=distance_from_search&srpvid=9d915a5ba0cf0311&srepoch=1638795089&all_sr_blocks=202776304_94730424_0_0_0&highlighted_blocks=202776304_94730424_0_0_0&matching_block_id=202776304_94730424_0_0_0&sr_pri_blocks=202776304_94730424_0_0_0__214762500&from=searchresults&map=1
