Created at;Description;Followers Count;Friends Count;Location;Profile Image Url;Statuses Count;Text;User ID;User Name
Wed Dec 15 16:42:52 +0000 2021;"Petroleum Engineer  | Data Analyst              

Choc√≥ ‚ô°";186.0;167.0;Quibd√≥ - Colombia !! ;http://pbs.twimg.com/profile_images/1291039352458555392/eFda15FR_normal.jpg;27601.0;RT @JAntiuribista: El ‚Äúgran logro‚Äù del gobierno Duque fue devaluar tanto el peso que puedan fijar un salario m√≠nimo de un mill√≥n sin que se‚Ä¶;1.4711588287335506e+18;Janick Alberto
Wed Dec 15 13:06:20 +0000 2021;"Petroleum Engineer  | Data Analyst              

Choc√≥ ‚ô°";186.0;167.0;Quibd√≥ - Colombia !! ;http://pbs.twimg.com/profile_images/1291039352458555392/eFda15FR_normal.jpg;27601.0;RT @wilsonariasc: M√°s de $2,8 billones de pesos ha devengado Sarmiento Angulo con los peajes de la V√≠a al Llano. Y debido al cierre en 2019‚Ä¶;1.4711043376739656e+18;Janick Alberto
Tue Dec 14 12:45:18 +0000 2021;"Petroleum Engineer  | Data Analyst              

Choc√≥ ‚ô°";186.0;167.0;Quibd√≥ - Colombia !! ;http://pbs.twimg.com/profile_images/1291039352458555392/eFda15FR_normal.jpg;27601.0;"RT @vovallediaz: Salario M√≠nimo en Colombia durante los √∫ltimos 4 a√±os:
2018: 781.242 Pesos = 262 D√≥lares
2019: 828.115 Pesos  = 252 D√≥lare‚Ä¶";1.4707366571377377e+18;Janick Alberto
Tue Dec 14 03:15:38 +0000 2021;"Petroleum Engineer  | Data Analyst              

Choc√≥ ‚ô°";186.0;167.0;Quibd√≥ - Colombia !! ;http://pbs.twimg.com/profile_images/1291039352458555392/eFda15FR_normal.jpg;27601.0;"RT @SraPatria: La leche, el huevo, el pollo, la carne, el aceite... Est√°n incomprables. ¬øCulpa de Petro? ¬øCulpa del paro? 

¬øPor qu√© los me‚Ä¶";1.470593295516582e+18;Janick Alberto
Sun Dec 12 14:39:38 +0000 2021;"Petroleum Engineer  | Data Analyst              

Choc√≥ ‚ô°";186.0;167.0;Quibd√≥ - Colombia !! ;http://pbs.twimg.com/profile_images/1291039352458555392/eFda15FR_normal.jpg;27601.0;La cantidad de penales dudosos que se han pitado este fin de semana en la Premier... Qu√© estar√° pasando con el VAR all√° ü§î;1.4700406528220733e+18;Janick Alberto
Wed Dec 08 22:03:32 +0000 2021;"Petroleum Engineer  | Data Analyst              

Choc√≥ ‚ô°";186.0;167.0;Quibd√≥ - Colombia !! ;http://pbs.twimg.com/profile_images/1291039352458555392/eFda15FR_normal.jpg;27601.0;Vida hijuetantas. Yo que nunca me he visto un solo partido de Europa League... Qui√©n te conoce, Champions League (?) https://t.co/kT7jEKxfIb;1.4687028121126298e+18;Janick Alberto
Wed Dec 08 21:58:41 +0000 2021;"Petroleum Engineer  | Data Analyst              

Choc√≥ ‚ô°";186.0;167.0;Quibd√≥ - Colombia !! ;http://pbs.twimg.com/profile_images/1291039352458555392/eFda15FR_normal.jpg;27601.0;Bueeeeno. A muerte con Xavi a√∫n. Le falta much√≠simo trabajo a este equipo, pero se puede.;1.4687015931933942e+18;Janick Alberto
Wed Dec 08 21:17:11 +0000 2021;"Petroleum Engineer  | Data Analyst              

Choc√≥ ‚ô°";186.0;167.0;Quibd√≥ - Colombia !! ;http://pbs.twimg.com/profile_images/1291039352458555392/eFda15FR_normal.jpg;27601.0;La falta de ideas en ataque del Bar√ßa es desesperante.;1.4686911472667075e+18;Janick Alberto
Wed Dec 08 20:35:43 +0000 2021;"Petroleum Engineer  | Data Analyst              

Choc√≥ ‚ô°";186.0;167.0;Quibd√≥ - Colombia !! ;http://pbs.twimg.com/profile_images/1291039352458555392/eFda15FR_normal.jpg;27601.0;Ve ese gol. Mingueza y Lenglet lo ven a Muller llegar y a√∫n as√≠ lo dejan que cabecee.... ü§¶üèæ‚Äç‚ôÇÔ∏èü§¶üèæ‚Äç‚ôÇÔ∏è;1.4686807126688276e+18;Janick Alberto
Wed Dec 08 19:16:30 +0000 2021;"Petroleum Engineer  | Data Analyst              

Choc√≥ ‚ô°";186.0;167.0;Quibd√≥ - Colombia !! ;http://pbs.twimg.com/profile_images/1291039352458555392/eFda15FR_normal.jpg;27601.0;El da√±o tan tremendo que dej√≥ Koeman que hoy todos, hasta algunos hinchas, subestiman a este Bar√ßa. Con Xavi hay qu‚Ä¶ https://t.co/ebkak9yblb;1.4686607771376722e+18;Janick Alberto
Tue Dec 07 19:29:17 +0000 2021;"Petroleum Engineer  | Data Analyst              

Choc√≥ ‚ô°";186.0;167.0;Quibd√≥ - Colombia !! ;http://pbs.twimg.com/profile_images/1291039352458555392/eFda15FR_normal.jpg;27601.0;Veme a Pe√±aloza... lo que nos toca ver y escuchar a los afrocolombianos cada d√≠a. https://t.co/RPJ7v4XTvx;1.4683016067813908e+18;Janick Alberto
Tue Dec 07 18:44:48 +0000 2021;"Petroleum Engineer  | Data Analyst              

Choc√≥ ‚ô°";186.0;167.0;Quibd√≥ - Colombia !! ;http://pbs.twimg.com/profile_images/1291039352458555392/eFda15FR_normal.jpg;27601.0;RT @tobonsanin: Los congresistas que aprobaron la Ley Mordaza para encarcelar a todo el que critique a los pol√≠ticos corruptos tampoco duda‚Ä¶;1.4682904121671885e+18;Janick Alberto
Mon Dec 06 18:58:12 +0000 2021;"Petroleum Engineer  | Data Analyst              

Choc√≥ ‚ô°";186.0;167.0;Quibd√≥ - Colombia !! ;http://pbs.twimg.com/profile_images/1291039352458555392/eFda15FR_normal.jpg;27601.0;RT @gabocifuentes: Cosas q pasan, @IvanDuque indignado por corrupci√≥n en el f√∫tbol pero no se indigna por el esc√°ndalo de centros poblados,‚Ä¶;1.4679313964423168e+18;Janick Alberto
Mon Dec 06 03:53:05 +0000 2021;"Petroleum Engineer  | Data Analyst              

Choc√≥ ‚ô°";186.0;167.0;Quibd√≥ - Colombia !! ;http://pbs.twimg.com/profile_images/1291039352458555392/eFda15FR_normal.jpg;27601.0;RT @FisicoImpuro: Supieron lo que hizo la registradur√≠a ayer para las elecciones de hoy? Permiti√≥ que se pudiera votar e inscribir la cedul‚Ä¶;1.467703617989845e+18;Janick Alberto
Sun Dec 05 17:04:57 +0000 2021;"Petroleum Engineer  | Data Analyst              

Choc√≥ ‚ô°";186.0;167.0;Quibd√≥ - Colombia !! ;http://pbs.twimg.com/profile_images/1291039352458555392/eFda15FR_normal.jpg;27601.0;RT @EstherCastro__: Creo que todos estamos de acuerdo con la OEA. https://t.co/DWOX6OyQ1H;1.467540510092976e+18;Janick Alberto
Tue Nov 30 20:25:36 +0000 2021;"Petroleum Engineer  | Data Analyst              

Choc√≥ ‚ô°";186.0;167.0;Quibd√≥ - Colombia !! ;http://pbs.twimg.com/profile_images/1291039352458555392/eFda15FR_normal.jpg;27601.0;RT @tobonsanin: Poner 18 peajes m√°s en el pa√≠s con los actuales niveles de pobreza, inflaci√≥n y desempleo es tan ruin como proponer una Ref‚Ä¶;1.4657790639272878e+18;Janick Alberto
Tue Nov 30 12:17:34 +0000 2021;"Petroleum Engineer  | Data Analyst              

Choc√≥ ‚ô°";186.0;167.0;Quibd√≥ - Colombia !! ;http://pbs.twimg.com/profile_images/1291039352458555392/eFda15FR_normal.jpg;27601.0;RT @Ivonne_FARC: 2016-2021. üî• https://t.co/TAQ0fPlfXt;1.4656562450466816e+18;Janick Alberto
Mon Nov 29 20:55:59 +0000 2021;"Petroleum Engineer  | Data Analyst              

Choc√≥ ‚ô°";186.0;167.0;Quibd√≥ - Colombia !! ;http://pbs.twimg.com/profile_images/1291039352458555392/eFda15FR_normal.jpg;27601.0;üòçüòçüòçüòçüòçüòçüêêüêêüêê https://t.co/tx1djy5Pl1;1.465424321074053e+18;Janick Alberto
Mon Nov 29 00:44:55 +0000 2021;"Petroleum Engineer  | Data Analyst              

Choc√≥ ‚ô°";186.0;167.0;Quibd√≥ - Colombia !! ;http://pbs.twimg.com/profile_images/1291039352458555392/eFda15FR_normal.jpg;27601.0;Sin mencionar que la libra de queso coste√±o est√° casi en 10 mil!!! @IvanDuque hptaaaa https://t.co/btqkvErhoy;1.4651195488190054e+18;Janick Alberto
Sun Nov 28 01:54:36 +0000 2021;"Petroleum Engineer  | Data Analyst              

Choc√≥ ‚ô°";186.0;167.0;Quibd√≥ - Colombia !! ;http://pbs.twimg.com/profile_images/1291039352458555392/eFda15FR_normal.jpg;27601.0;RT @datoatipico: El pan a 600, el d√≥lar a 4.000, el hierro tres veces m√°s caro, no hay producci√≥n de materiales para la construcci√≥n, los a‚Ä¶;1.4647746962857492e+18;Janick Alberto
Sat Nov 27 18:01:16 +0000 2021;"Petroleum Engineer  | Data Analyst              

Choc√≥ ‚ô°";186.0;167.0;Quibd√≥ - Colombia !! ;http://pbs.twimg.com/profile_images/1291039352458555392/eFda15FR_normal.jpg;27601.0;Uribe, Sarmiento Angulo y toda esa parranda de hptas que viven y seguir√°n viviendo de los bobos que votan por sus c‚Ä¶ https://t.co/PuQqDQVdaV;1.4646555774732452e+18;Janick Alberto
Sat Nov 27 17:48:32 +0000 2021;"Petroleum Engineer  | Data Analyst              

Choc√≥ ‚ô°";186.0;167.0;Quibd√≥ - Colombia !! ;http://pbs.twimg.com/profile_images/1291039352458555392/eFda15FR_normal.jpg;27601.0;El Duvancho la clava como le queda en la Atalanta. Ay que fuera la selecci√≥n...;1.464652375545856e+18;Janick Alberto
Sat Nov 27 13:43:18 +0000 2021;"Petroleum Engineer  | Data Analyst              

Choc√≥ ‚ô°";186.0;167.0;Quibd√≥ - Colombia !! ;http://pbs.twimg.com/profile_images/1291039352458555392/eFda15FR_normal.jpg;27601.0;RT @QuinteroCalle: La oposici√≥n en Medell√≠n representada en el pacto de Chuscalito por el Uribismo y el Fajardismo se unieron para defender‚Ä¶;1.4645906583631421e+18;Janick Alberto
Sat Nov 27 13:24:25 +0000 2021;"Petroleum Engineer  | Data Analyst              

Choc√≥ ‚ô°";186.0;167.0;Quibd√≥ - Colombia !! ;http://pbs.twimg.com/profile_images/1291039352458555392/eFda15FR_normal.jpg;27601.0;RT @nilsonagu: Buenos d√≠as Colombia, pa√≠s donde mintrasporte anuncia 18 nuevos peajes por toda Colombia, y as√≠ dicen que Petro es el que va‚Ä¶;1.464585907185533e+18;Janick Alberto
Fri Nov 26 15:29:25 +0000 2021;"Petroleum Engineer  | Data Analyst              

Choc√≥ ‚ô°";186.0;167.0;Quibd√≥ - Colombia !! ;http://pbs.twimg.com/profile_images/1291039352458555392/eFda15FR_normal.jpg;27601.0;Veme a este triple... se ha especializado este gobierno en desacatar las √≥rdenes de los jueces. Ay donde fuera un g‚Ä¶ https://t.co/r0gnNFmd2Z;1.4642549748467139e+18;Janick Alberto
Thu Nov 25 11:48:30 +0000 2021;"Petroleum Engineer  | Data Analyst              

Choc√≥ ‚ô°";186.0;167.0;Quibd√≥ - Colombia !! ;http://pbs.twimg.com/profile_images/1291039352458555392/eFda15FR_normal.jpg;27601.0;"RT @FCBarcelona_es: 1 a√±o sin ti.

El mundo del f√∫tbol te echa de menos, Diego. https://t.co/2l80gnZhL8";1.4638369915571446e+18;Janick Alberto
Wed Nov 24 12:54:09 +0000 2021;"Petroleum Engineer  | Data Analyst              

Choc√≥ ‚ô°";186.0;167.0;Quibd√≥ - Colombia !! ;http://pbs.twimg.com/profile_images/1291039352458555392/eFda15FR_normal.jpg;27601.0;RT @fdbedout: El desprestigio del Congreso es muy grave para la democracia en Colombia,de las ramas del poder p√∫blico deber√≠a ser la m√°s ce‚Ä¶;1.4634911261581394e+18;Janick Alberto
Wed Nov 24 11:33:14 +0000 2021;"Petroleum Engineer  | Data Analyst              

Choc√≥ ‚ô°";186.0;167.0;Quibd√≥ - Colombia !! ;http://pbs.twimg.com/profile_images/1291039352458555392/eFda15FR_normal.jpg;27601.0;"RT @Matador000: Querido y sangriento presidente eterno, lo que no ha habido nunca es paz en tu coraz√≥n.
Vives de la muerte, de la guerra, d‚Ä¶";1.4634707608324751e+18;Janick Alberto
Tue Nov 23 21:54:22 +0000 2021;"Petroleum Engineer  | Data Analyst              

Choc√≥ ‚ô°";186.0;167.0;Quibd√≥ - Colombia !! ;http://pbs.twimg.com/profile_images/1291039352458555392/eFda15FR_normal.jpg;27601.0;"Mucha garra de este Bar√ßa de Xavi, con la misma plantilla que el mediocre de  @RonaldKoeman dec√≠a ""es lo que hay"".‚Ä¶ https://t.co/U8LyOOjcLk";1.4632646892704973e+18;Janick Alberto
Tue Nov 23 21:40:40 +0000 2021;"Petroleum Engineer  | Data Analyst              

Choc√≥ ‚ô°";186.0;167.0;Quibd√≥ - Colombia !! ;http://pbs.twimg.com/profile_images/1291039352458555392/eFda15FR_normal.jpg;27601.0;Lo que ser√≠a Dembel√© sin tantas lesiones. Dios m√≠o.;1.4632612424627732e+18;Janick Alberto
Sun Nov 21 04:19:35 +0000 2021;"Petroleum Engineer  | Data Analyst              

Choc√≥ ‚ô°";186.0;167.0;Quibd√≥ - Colombia !! ;http://pbs.twimg.com/profile_images/1291039352458555392/eFda15FR_normal.jpg;27601.0;La alegr√≠a que me produce ver a Xavi ah√≠... üíô‚ù§ https://t.co/iVbOYUoPC7;1.4622744664158781e+18;Janick Alberto
Sat Nov 20 21:59:17 +0000 2021;"Petroleum Engineer  | Data Analyst              

Choc√≥ ‚ô°";186.0;167.0;Quibd√≥ - Colombia !! ;http://pbs.twimg.com/profile_images/1291039352458555392/eFda15FR_normal.jpg;27601.0;Bien sufrida esa primera victoria de Xavi. Hay que pulir varios temas en defensa, pero la sensaci√≥n es distinta a l‚Ä¶ https://t.co/1J8CiVUsaI;1.4621787616553943e+18;Janick Alberto
Sat Nov 20 20:44:09 +0000 2021;"Petroleum Engineer  | Data Analyst              

Choc√≥ ‚ô°";186.0;167.0;Quibd√≥ - Colombia !! ;http://pbs.twimg.com/profile_images/1291039352458555392/eFda15FR_normal.jpg;27601.0;RT @LUISEROLAVE: Las casas se las llev√≥ el r√≠o. Familias Afro e Ind√≠genas perdieron todo en el Alto y Medio Baud√≥. #SOSChoc√≥ https://t.co/C‚Ä¶;1.462159854932476e+18;Janick Alberto
Fri Nov 19 19:26:01 +0000 2021;"Petroleum Engineer  | Data Analyst              

Choc√≥ ‚ô°";186.0;167.0;Quibd√≥ - Colombia !! ;http://pbs.twimg.com/profile_images/1291039352458555392/eFda15FR_normal.jpg;27601.0;Un discurso bien distinto al del mediocre de Koeman. https://t.co/ASYDR5DjUm;1.4617778013931848e+18;Janick Alberto
Fri Nov 19 14:01:06 +0000 2021;"Petroleum Engineer  | Data Analyst              

Choc√≥ ‚ô°";186.0;167.0;Quibd√≥ - Colombia !! ;http://pbs.twimg.com/profile_images/1291039352458555392/eFda15FR_normal.jpg;27601.0;RT @pili_quintana: ¬°Pillen lo que incorpor√≥ el diccionario de la RAE! üí• https://t.co/Ophebjg4lc;1.461696033575129e+18;Janick Alberto
Fri Nov 19 03:38:13 +0000 2021;"Petroleum Engineer  | Data Analyst              

Choc√≥ ‚ô°";186.0;167.0;Quibd√≥ - Colombia !! ;http://pbs.twimg.com/profile_images/1291039352458555392/eFda15FR_normal.jpg;27601.0;S√≥lo a la Polic√≠a colombiana se le ocurren semejantes estupideces. Cu√°nta verg√ºenza. https://t.co/sodXpGosU7;1.4615392822298092e+18;Janick Alberto
Wed Nov 17 03:31:09 +0000 2021;"Petroleum Engineer  | Data Analyst              

Choc√≥ ‚ô°";186.0;167.0;Quibd√≥ - Colombia !! ;http://pbs.twimg.com/profile_images/1291039352458555392/eFda15FR_normal.jpg;27601.0;OIGA AL OTRO ü§¶üèæ‚Äç‚ôÇÔ∏èü§¶üèæ‚Äç‚ôÇÔ∏è https://t.co/o9yvbXmcAU;1.460812726851285e+18;Janick Alberto
Wed Nov 17 03:28:40 +0000 2021;"Petroleum Engineer  | Data Analyst              

Choc√≥ ‚ô°";186.0;167.0;Quibd√≥ - Colombia !! ;http://pbs.twimg.com/profile_images/1291039352458555392/eFda15FR_normal.jpg;27601.0;RT @SoyAndresParra: Ah√≠ est√°n las heces de bien‚Ä¶;1.4608121021852344e+18;Janick Alberto
Wed Nov 17 01:11:23 +0000 2021;"Petroleum Engineer  | Data Analyst              

Choc√≥ ‚ô°";186.0;167.0;Quibd√≥ - Colombia !! ;http://pbs.twimg.com/profile_images/1291039352458555392/eFda15FR_normal.jpg;27601.0;Tan maluco est√° el tema de la selecci√≥n, que hasta estoy extra√±ando a Pecuekerman. Es que no pod√©s enlazar 5 partid‚Ä¶ https://t.co/OkqA7Y9j4S;1.4607775524238377e+18;Janick Alberto
Wed Nov 17 00:59:11 +0000 2021;"Petroleum Engineer  | Data Analyst              

Choc√≥ ‚ô°";186.0;167.0;Quibd√≥ - Colombia !! ;http://pbs.twimg.com/profile_images/1291039352458555392/eFda15FR_normal.jpg;27601.0;Ya es decepcionante que un t√©cnico de la categor√≠a de Reinaldo Rueda no encuentre la forma de ganarle a equipos que‚Ä¶ https://t.co/zBTBFB14zF;1.4607744844540887e+18;Janick Alberto
Wed Nov 17 00:56:36 +0000 2021;"Petroleum Engineer  | Data Analyst              

Choc√≥ ‚ô°";186.0;167.0;Quibd√≥ - Colombia !! ;http://pbs.twimg.com/profile_images/1291039352458555392/eFda15FR_normal.jpg;27601.0;La falta de ideas de Colombia dd cara al gol. Llegadas hay, falta es meterla. Qu√© hpta desespero.;1.4607738335861924e+18;Janick Alberto
Tue Nov 16 23:36:40 +0000 2021;"Petroleum Engineer  | Data Analyst              

Choc√≥ ‚ô°";186.0;167.0;Quibd√≥ - Colombia !! ;http://pbs.twimg.com/profile_images/1291039352458555392/eFda15FR_normal.jpg;27601.0;Llega Colombia, pero sin claridad. Hay que afinar un poco las ideas all√° arriba.;1.4607537186563154e+18;Janick Alberto
Tue Nov 16 22:36:13 +0000 2021;"Petroleum Engineer  | Data Analyst              

Choc√≥ ‚ô°";186.0;167.0;Quibd√≥ - Colombia !! ;http://pbs.twimg.com/profile_images/1291039352458555392/eFda15FR_normal.jpg;27601.0;RT @DCoronell: #ElReporteCoronell Los pasajeros frecuentes, y no justificados, del avi√≥n presidencial  https://t.co/qD903YBUBR a trav√©s de‚Ä¶;1.4607385058821489e+18;Janick Alberto
Sat Nov 13 20:00:41 +0000 2021;"Petroleum Engineer  | Data Analyst              

Choc√≥ ‚ô°";186.0;167.0;Quibd√≥ - Colombia !! ;http://pbs.twimg.com/profile_images/1291039352458555392/eFda15FR_normal.jpg;27601.0;Qu√© buen hilo üëáüèæ https://t.co/fMLHcAHpIL;1.4596122004112712e+18;Janick Alberto
Sat Nov 13 02:34:12 +0000 2021;"Petroleum Engineer  | Data Analyst              

Choc√≥ ‚ô°";186.0;167.0;Quibd√≥ - Colombia !! ;http://pbs.twimg.com/profile_images/1291039352458555392/eFda15FR_normal.jpg;27601.0;RT @FCBarcelona_es: Ese toque... üòç https://t.co/PmjXovU8gs;1.4593488424034796e+18;Janick Alberto
Sat Nov 13 02:28:18 +0000 2021;"Petroleum Engineer  | Data Analyst              

Choc√≥ ‚ô°";186.0;167.0;Quibd√≥ - Colombia !! ;http://pbs.twimg.com/profile_images/1291039352458555392/eFda15FR_normal.jpg;27601.0;RT @IvanCepedaCast: Este gobierno es cada vez m√°s despreciable. Ahora, en su desespero por legitimar su maniobra clientelar para las elecci‚Ä¶;1.4593473609124454e+18;Janick Alberto
Sat Nov 13 01:54:09 +0000 2021;"Petroleum Engineer  | Data Analyst              

Choc√≥ ‚ô°";186.0;167.0;Quibd√≥ - Colombia !! ;http://pbs.twimg.com/profile_images/1291039352458555392/eFda15FR_normal.jpg;27601.0;Ah√≠ gan√≥ Argentina y le salv√≥ el culo, parcialmente, a la @FCFSeleccionCol, pero hay que dejar de depender de otros‚Ä¶ https://t.co/X9M0rufHyf;1.4593387640991416e+18;Janick Alberto
Fri Nov 12 03:03:33 +0000 2021;"Petroleum Engineer  | Data Analyst              

Choc√≥ ‚ô°";186.0;167.0;Quibd√≥ - Colombia !! ;http://pbs.twimg.com/profile_images/1291039352458555392/eFda15FR_normal.jpg;27601.0;@Kensy_Word S√≠, pero que disimulen un poco. Apenas en estas eliminatorias se ve lo que hizo Neymar hoy.;1.4589938429973176e+18;Janick Alberto
Fri Nov 12 02:46:29 +0000 2021;"Petroleum Engineer  | Data Analyst              

Choc√≥ ‚ô°";186.0;167.0;Quibd√≥ - Colombia !! ;http://pbs.twimg.com/profile_images/1291039352458555392/eFda15FR_normal.jpg;27601.0;@Kensy_Word No es raro ya el arbitraje en contra manito. Fijate que los jugadores ya ni se preocupan por reclamar mucho.;1.458989548944384e+18;Janick Alberto
Thu Nov 11 18:44:44 +0000 2021;"Petroleum Engineer  | Data Analyst              

Choc√≥ ‚ô°";186.0;167.0;Quibd√≥ - Colombia !! ;http://pbs.twimg.com/profile_images/1291039352458555392/eFda15FR_normal.jpg;27601.0;Dios m√≠o ‚ù§üíô‚ù§ https://t.co/oOLPCdRvdC;1.4588683097142518e+18;Janick Alberto
Thu Nov 11 16:06:02 +0000 2021;"Petroleum Engineer  | Data Analyst              

Choc√≥ ‚ô°";186.0;167.0;Quibd√≥ - Colombia !! ;http://pbs.twimg.com/profile_images/1291039352458555392/eFda15FR_normal.jpg;27601.0;"RT @petrogustavo: Fenalco pide bajar los aranceles a cero. Esto acabar√≠a lo que queda de agricultura e  industria en Colombia.

Millones de‚Ä¶";1.4588283734682747e+18;Janick Alberto
Thu Nov 11 15:14:22 +0000 2021;"Petroleum Engineer  | Data Analyst              

Choc√≥ ‚ô°";186.0;167.0;Quibd√≥ - Colombia !! ;http://pbs.twimg.com/profile_images/1291039352458555392/eFda15FR_normal.jpg;27601.0;RT @Politicaymas__: https://t.co/AWT3NsW1jI;1.458815372388356e+18;Janick Alberto
Thu Nov 11 02:56:55 +0000 2021;"Petroleum Engineer  | Data Analyst              

Choc√≥ ‚ô°";186.0;167.0;Quibd√≥ - Colombia !! ;http://pbs.twimg.com/profile_images/1291039352458555392/eFda15FR_normal.jpg;27601.0;Bastante rato ten√≠a sin ver un partido de Nacional, pero qu√© buen juego el de hoy.;1.4586297869773824e+18;Janick Alberto
Wed Nov 10 15:24:26 +0000 2021;"Petroleum Engineer  | Data Analyst              

Choc√≥ ‚ô°";186.0;167.0;Quibd√≥ - Colombia !! ;http://pbs.twimg.com/profile_images/1291039352458555392/eFda15FR_normal.jpg;27601.0;RT @DanGamboaB: Colombia en menos de cuatro a√±os se ha vuelto un pa√≠s inc√≥modo: manipul√≥ las elecciones de EEUU, apoy√≥ el asesinato del pre‚Ä¶;1.4584555160914043e+18;Janick Alberto
Fri Nov 05 13:45:40 +0000 2021;"Petroleum Engineer  | Data Analyst              

Choc√≥ ‚ô°";186.0;167.0;Quibd√≥ - Colombia !! ;http://pbs.twimg.com/profile_images/1291039352458555392/eFda15FR_normal.jpg;27601.0;RT @fdbedout: El partido conservador no busca candidatos para ganar la presidencia, busca una persona para negociar acuerdos burocr√°ticos c‚Ä¶;1.4566187222910648e+18;Janick Alberto
Thu Nov 04 14:43:13 +0000 2021;"Petroleum Engineer  | Data Analyst              

Choc√≥ ‚ô°";186.0;167.0;Quibd√≥ - Colombia !! ;http://pbs.twimg.com/profile_images/1291039352458555392/eFda15FR_normal.jpg;27601.0;@akaeloriginal Un pat√°n ü§¶üèæ‚Äç‚ôÇÔ∏è;1.4562708183678484e+18;Janick Alberto
Thu Nov 04 13:33:46 +0000 2021;"Petroleum Engineer  | Data Analyst              

Choc√≥ ‚ô°";186.0;167.0;Quibd√≥ - Colombia !! ;http://pbs.twimg.com/profile_images/1291039352458555392/eFda15FR_normal.jpg;27601.0;Pero Dembel√© es de cristal. Dios m√≠oü§¶üèæ‚Äç‚ôÇÔ∏èü§¶üèæ‚Äç‚ôÇÔ∏èü§¶üèæ‚Äç‚ôÇÔ∏èü§¶üèæ‚Äç‚ôÇÔ∏èü§¶üèæ‚Äç‚ôÇÔ∏èü§¶üèæ‚Äç‚ôÇÔ∏è https://t.co/msnzodEBdd;1.4562533373434593e+18;Janick Alberto
Sat Oct 30 04:49:15 +0000 2021;"Petroleum Engineer  | Data Analyst              

Choc√≥ ‚ô°";186.0;167.0;Quibd√≥ - Colombia !! ;http://pbs.twimg.com/profile_images/1291039352458555392/eFda15FR_normal.jpg;27601.0;"RT @ManuHeredia21: Sin exagerar: esto oposita seriamente al mejor ca√±o que he visto en mi vidaüî•üî•üî•üî•
https://t.co/bq1gHpIoPI";1.4543093992211333e+18;Janick Alberto
Fri Oct 29 11:43:18 +0000 2021;"Petroleum Engineer  | Data Analyst              

Choc√≥ ‚ô°";186.0;167.0;Quibd√≥ - Colombia !! ;http://pbs.twimg.com/profile_images/1291039352458555392/eFda15FR_normal.jpg;27601.0;"RT @AmericoxG: Por favor compartir con un RT üôèüèæ

Estamos buscando un futbolista, una fundaci√≥n o un patrocinador de buen coraz√≥n que nos do‚Ä¶";1.4540512115110461e+18;Janick Alberto
Thu Oct 28 13:45:04 +0000 2021;"Petroleum Engineer  | Data Analyst              

Choc√≥ ‚ô°";186.0;167.0;Quibd√≥ - Colombia !! ;http://pbs.twimg.com/profile_images/1291039352458555392/eFda15FR_normal.jpg;27601.0;RT @HoyEnDeportes4_: Todo son risas en el Madrid por lo malo que ha sido Koeman, hasta que ves que ha ganado 1 t√≠tulo m√°s que el Madrid mie‚Ä¶;1.4537194660391363e+18;Janick Alberto
Thu Oct 28 13:44:06 +0000 2021;"Petroleum Engineer  | Data Analyst              

Choc√≥ ‚ô°";186.0;167.0;Quibd√≥ - Colombia !! ;http://pbs.twimg.com/profile_images/1291039352458555392/eFda15FR_normal.jpg;27601.0;RT @GOYOCQT: Que culpa si eso viene en la sangre ü©∏ https://t.co/valkZKqZ1l;1.4537192237217628e+18;Janick Alberto
Thu Oct 28 00:32:58 +0000 2021;"Petroleum Engineer  | Data Analyst              

Choc√≥ ‚ô°";186.0;167.0;Quibd√≥ - Colombia !! ;http://pbs.twimg.com/profile_images/1291039352458555392/eFda15FR_normal.jpg;27601.0;Alabado sea Dios. https://t.co/IkZPadWkE7;1.453520127991984e+18;Janick Alberto
Wed Oct 27 19:00:08 +0000 2021;"Petroleum Engineer  | Data Analyst              

Choc√≥ ‚ô°";186.0;167.0;Quibd√≥ - Colombia !! ;http://pbs.twimg.com/profile_images/1291039352458555392/eFda15FR_normal.jpg;27601.0;Si @RonaldKoeman tuviera un poquito de verg√ºenza, renunciar√≠a hoy mismo. Pero el mediocre ese es tan sin verg√ºenza‚Ä¶ https://t.co/j4NdEkNXBj;1.453436368156336e+18;Janick Alberto
Wed Oct 27 18:16:03 +0000 2021;"Petroleum Engineer  | Data Analyst              

Choc√≥ ‚ô°";186.0;167.0;Quibd√≥ - Colombia !! ;http://pbs.twimg.com/profile_images/1291039352458555392/eFda15FR_normal.jpg;27601.0;RT @HoyEnDeportes4_: RT si crees que el Bar√ßa Legends ganar√≠a al Bar√ßa de Koeman.;1.4534252729303204e+18;Janick Alberto
Wed Oct 27 16:42:35 +0000 2021;"Petroleum Engineer  | Data Analyst              

Choc√≥ ‚ô°";186.0;167.0;Quibd√≥ - Colombia !! ;http://pbs.twimg.com/profile_images/1291039352458555392/eFda15FR_normal.jpg;27601.0;RT @daperas: Soy David P√©rez, activista, y estoy siendo amenazado de muerte por las Autodefensas Gaitanistas desde junio 04 de este a√±o, po‚Ä¶;1.4534017511142072e+18;Janick Alberto
Tue Oct 26 21:17:05 +0000 2021;"Petroleum Engineer  | Data Analyst              

Choc√≥ ‚ô°";186.0;167.0;Quibd√≥ - Colombia !! ;http://pbs.twimg.com/profile_images/1291039352458555392/eFda15FR_normal.jpg;27601.0;"RT @FachoFercho: -No hay garant√≠as y qu√©. Registradur√≠a
-Evado impuestos y qu√©. DIAN
-Bombardeo ni√±os y qu√©. MinDefensa
-Robo dinero y qu√©.‚Ä¶";1.4531084446978785e+18;Janick Alberto
Tue Oct 26 18:44:16 +0000 2021;"Petroleum Engineer  | Data Analyst              

Choc√≥ ‚ô°";186.0;167.0;Quibd√≥ - Colombia !! ;http://pbs.twimg.com/profile_images/1291039352458555392/eFda15FR_normal.jpg;27601.0;"RT @AlvaroJVM14: Dice la @Registraduria que no se presenten, as√≠ evitan modificar tanto papeleo y el fraude seria menos tedioso. 

No les d‚Ä¶";1.4530699882947092e+18;Janick Alberto
Tue Oct 26 18:42:13 +0000 2021;"Petroleum Engineer  | Data Analyst              

Choc√≥ ‚ô°";186.0;167.0;Quibd√≥ - Colombia !! ;http://pbs.twimg.com/profile_images/1291039352458555392/eFda15FR_normal.jpg;27601.0;RT @subcantante: En un pa√≠s que parece fosa com√∫n a que demente le parece buena idea impulsar y apoyar el porte de armas?;1.45306947047433e+18;Janick Alberto
Tue Oct 26 15:30:40 +0000 2021;"Petroleum Engineer  | Data Analyst              

Choc√≥ ‚ô°";186.0;167.0;Quibd√≥ - Colombia !! ;http://pbs.twimg.com/profile_images/1291039352458555392/eFda15FR_normal.jpg;27601.0;RT @fdbedout: La declaraci√≥n del registrador Alexander Vega diciendo: ‚ÄúEl que no sienta garant√≠as, no deber√≠a presentarse‚Äù, adem√°s de retad‚Ä¶;1.453021265405563e+18;Janick Alberto
Tue Oct 26 11:12:39 +0000 2021;"Petroleum Engineer  | Data Analyst              

Choc√≥ ‚ô°";186.0;167.0;Quibd√≥ - Colombia !! ;http://pbs.twimg.com/profile_images/1291039352458555392/eFda15FR_normal.jpg;27601.0;Y hay gente que cree que esta se√±ora es lo mejor para la presidencia. No jodan. https://t.co/529dytsWYd;1.4529563332931215e+18;Janick Alberto
Sun Oct 24 16:12:41 +0000 2021;"Petroleum Engineer  | Data Analyst              

Choc√≥ ‚ô°";186.0;167.0;Quibd√≥ - Colombia !! ;http://pbs.twimg.com/profile_images/1291039352458555392/eFda15FR_normal.jpg;27601.0;Pens√© que el Madrid iba a destruir a este Bar√ßa de Koeman, pero no. Esperemos a ver qu√© sale a decir el mediocre del t√©cnico.;1.4523070633890038e+18;Janick Alberto
Sun Oct 24 16:10:54 +0000 2021;"Petroleum Engineer  | Data Analyst              

Choc√≥ ‚ô°";186.0;167.0;Quibd√≥ - Colombia !! ;http://pbs.twimg.com/profile_images/1291039352458555392/eFda15FR_normal.jpg;27601.0;El famoso gol de la honra. Bien el Kun.;1.4523066180713226e+18;Janick Alberto
Sun Oct 24 11:32:58 +0000 2021;"Petroleum Engineer  | Data Analyst              

Choc√≥ ‚ô°";186.0;167.0;Quibd√≥ - Colombia !! ;http://pbs.twimg.com/profile_images/1291039352458555392/eFda15FR_normal.jpg;27601.0;RT @dicaduran: El presidente Duque dice hoy que la captura de Dairo Antonio √ösuga, alias Otoniel, ‚Äúes solo comparable con la ca√≠da de Pablo‚Ä¶;1.452236672251437e+18;Janick Alberto
Thu Oct 21 23:38:36 +0000 2021;"Petroleum Engineer  | Data Analyst              

Choc√≥ ‚ô°";186.0;167.0;Quibd√≥ - Colombia !! ;http://pbs.twimg.com/profile_images/1291039352458555392/eFda15FR_normal.jpg;27601.0;RT @danielalozanocu: Yo s√≠ estoy totalmente a favor del aborto, la eutanasia, el consumo de cannabis, el proceso de paz, el feminismo, Esca‚Ä¶;1.4513321196035973e+18;Janick Alberto
Thu Oct 21 16:23:26 +0000 2021;"Petroleum Engineer  | Data Analyst              

Choc√≥ ‚ô°";186.0;167.0;Quibd√≥ - Colombia !! ;http://pbs.twimg.com/profile_images/1291039352458555392/eFda15FR_normal.jpg;27601.0;RT @MabelLaraNews: Recorderis: A @tripleCIbarguen le toc√≥ irse del pa√≠s porque fue Puerto Rico quien la bec√≥ para que pudiera estudiar y co‚Ä¶;1.4512226077354926e+18;Janick Alberto
Thu Oct 21 16:23:15 +0000 2021;"Petroleum Engineer  | Data Analyst              

Choc√≥ ‚ô°";186.0;167.0;Quibd√≥ - Colombia !! ;http://pbs.twimg.com/profile_images/1291039352458555392/eFda15FR_normal.jpg;27601.0;"RT @fdbedout: El Congreso de Colombia est√° en m√≠nimos hist√≥ricos de aceptaci√≥n, peleando los √∫ltimos lugares con las FARC y el ELN; ya en e‚Ä¶";1.4512225598197105e+18;Janick Alberto
Thu Oct 21 13:29:09 +0000 2021;"Petroleum Engineer  | Data Analyst              

Choc√≥ ‚ô°";186.0;167.0;Quibd√≥ - Colombia !! ;http://pbs.twimg.com/profile_images/1291039352458555392/eFda15FR_normal.jpg;27601.0;RT @PaoHerreraC: Bueno, desde septiembre alertamos del mico en el PL de presupuesto que suspende la ley de garant√≠as. Hace 8 d√≠as advertimo‚Ä¶;1.4511787461789082e+18;Janick Alberto
Thu Oct 21 13:27:56 +0000 2021;"Petroleum Engineer  | Data Analyst              

Choc√≥ ‚ô°";186.0;167.0;Quibd√≥ - Colombia !! ;http://pbs.twimg.com/profile_images/1291039352458555392/eFda15FR_normal.jpg;27601.0;RT @yosoyalexisplay: No estoy de acuerdo y no apoyo el matoneo a @tripleCIbarguen porque yo soy capaz de tomarme un caf√© con un demonio par‚Ä¶;1.4511784389377802e+18;Janick Alberto
Wed Oct 20 17:36:48 +0000 2021;"Petroleum Engineer  | Data Analyst              

Choc√≥ ‚ô°";186.0;167.0;Quibd√≥ - Colombia !! ;http://pbs.twimg.com/profile_images/1291039352458555392/eFda15FR_normal.jpg;27601.0;RT @fdbedout: #MeEmberraca que en el Congreso nos crean tan pendejos, #MeEmberraca m√°s que seamos tan pendejos.;1.4508786840558797e+18;Janick Alberto
Wed Oct 20 02:03:23 +0000 2021;"Petroleum Engineer  | Data Analyst              

Choc√≥ ‚ô°";186.0;167.0;Quibd√≥ - Colombia !! ;http://pbs.twimg.com/profile_images/1291039352458555392/eFda15FR_normal.jpg;27601.0;RT @InvictosSomos: Ronaldinho Ga√∫cho y Neymar en Par√≠s. JOGA BONITO. https://t.co/ahjxZN8L0D;1.4506437796738908e+18;Janick Alberto
Mon Oct 18 13:18:46 +0000 2021;"Petroleum Engineer  | Data Analyst              

Choc√≥ ‚ô°";186.0;167.0;Quibd√≥ - Colombia !! ;http://pbs.twimg.com/profile_images/1291039352458555392/eFda15FR_normal.jpg;27601.0;RT @petrogustavo: Le expropiaron a seis millones de campesinos sus tierras, a dos millones de personas su salud  y a 6.402 j√≥venes sus vida‚Ä¶;1.4500889708518482e+18;Janick Alberto
Sun Oct 17 14:47:39 +0000 2021;"Petroleum Engineer  | Data Analyst              

Choc√≥ ‚ô°";186.0;167.0;Quibd√≥ - Colombia !! ;http://pbs.twimg.com/profile_images/1291039352458555392/eFda15FR_normal.jpg;27601.0;RT @PremiosPopis: Matem√°ticas uribistas https://t.co/1kj2fX8bLz;1.4497489520568443e+18;Janick Alberto
Fri Oct 15 03:03:26 +0000 2021;"Petroleum Engineer  | Data Analyst              

Choc√≥ ‚ô°";186.0;167.0;Quibd√≥ - Colombia !! ;http://pbs.twimg.com/profile_images/1291039352458555392/eFda15FR_normal.jpg;27601.0;@Isaac_9422 Muy complicado va a estar si quiera empatar ese partido ois.;1.4488469535597773e+18;Janick Alberto
Fri Oct 15 02:19:35 +0000 2021;"Petroleum Engineer  | Data Analyst              

Choc√≥ ‚ô°";186.0;167.0;Quibd√≥ - Colombia !! ;http://pbs.twimg.com/profile_images/1291039352458555392/eFda15FR_normal.jpg;27601.0;Qu√© belleza ver jugar a Brasil. Cu√°nta magia, cu√°nta calidad junta.;1.4488359176078418e+18;Janick Alberto
Fri Oct 15 00:53:34 +0000 2021;"Petroleum Engineer  | Data Analyst              

Choc√≥ ‚ô°";186.0;167.0;Quibd√≥ - Colombia !! ;http://pbs.twimg.com/profile_images/1291039352458555392/eFda15FR_normal.jpg;27601.0;Hasta Bolivia y Venezuela marcaron siquiera un gol en esta triple jornada. La √∫nica impedida es la @FCFSeleccionCol. Mucha cosa que mejorar.;1.4488142700666143e+18;Janick Alberto
Thu Oct 14 23:07:27 +0000 2021;"Petroleum Engineer  | Data Analyst              

Choc√≥ ‚ô°";186.0;167.0;Quibd√≥ - Colombia !! ;http://pbs.twimg.com/profile_images/1291039352458555392/eFda15FR_normal.jpg;27601.0;Esa mano Mina la ten√≠a pegada al hpta cuerpo. Que coma mierda el √°rbitro.;1.4487875644255355e+18;Janick Alberto
Thu Oct 14 21:49:49 +0000 2021;"Petroleum Engineer  | Data Analyst              

Choc√≥ ‚ô°";186.0;167.0;Quibd√≥ - Colombia !! ;http://pbs.twimg.com/profile_images/1291039352458555392/eFda15FR_normal.jpg;27601.0;Bien flojita la selecci√≥n Colombia.;1.4487680288087286e+18;Janick Alberto
Mon Oct 11 23:50:02 +0000 2021;"Petroleum Engineer  | Data Analyst              

Choc√≥ ‚ô°";186.0;167.0;Quibd√≥ - Colombia !! ;http://pbs.twimg.com/profile_images/1291039352458555392/eFda15FR_normal.jpg;27601.0;"RT @FCFSeleccionCol: ¬°Las manos de todo un pa√≠s!

üß§ ¬°Grande @D_Ospina1 !

#VamosColombia üá®üá¥ https://t.co/xOXyphSKVD";1.4477111202785567e+18;Janick Alberto
Mon Oct 11 14:20:42 +0000 2021;"Petroleum Engineer  | Data Analyst              

Choc√≥ ‚ô°";186.0;167.0;Quibd√≥ - Colombia !! ;http://pbs.twimg.com/profile_images/1291039352458555392/eFda15FR_normal.jpg;27601.0;RT @PaoHerreraC: Buenos d√≠as, ¬øsab√≠an que la mayor√≠a de nuestros honorables congresistas est√°n en semana de receso? üôÑ. Me pregunto a qu√© ho‚Ä¶;1.4475678403373548e+18;Janick Alberto
Sun Oct 10 23:03:24 +0000 2021;"Petroleum Engineer  | Data Analyst              

Choc√≥ ‚ô°";186.0;167.0;Quibd√≥ - Colombia !! ;http://pbs.twimg.com/profile_images/1291039352458555392/eFda15FR_normal.jpg;27601.0;Un jugador bastante serio es Carlos Cuesta. Qu√© defensa.;1.4473369949468344e+18;Janick Alberto
Sun Oct 10 22:46:59 +0000 2021;"Petroleum Engineer  | Data Analyst              

Choc√≥ ‚ô°";186.0;167.0;Quibd√≥ - Colombia !! ;http://pbs.twimg.com/profile_images/1291039352458555392/eFda15FR_normal.jpg;27601.0;OSPINA... DIOS M√çO!!!!!;1.4473328623285125e+18;Janick Alberto
Sun Oct 10 22:29:19 +0000 2021;"Petroleum Engineer  | Data Analyst              

Choc√≥ ‚ô°";186.0;167.0;Quibd√≥ - Colombia !! ;http://pbs.twimg.com/profile_images/1291039352458555392/eFda15FR_normal.jpg;27601.0;Desde ac√° parec√≠a penal.;1.4473284156700508e+18;Janick Alberto
Sun Oct 10 21:48:27 +0000 2021;"Petroleum Engineer  | Data Analyst              

Choc√≥ ‚ô°";186.0;167.0;Quibd√≥ - Colombia !! ;http://pbs.twimg.com/profile_images/1291039352458555392/eFda15FR_normal.jpg;27601.0;RT @fdbedout: La decisi√≥n de Martha Sep√∫lveda, avalada por un primer concepto m√©dico, no puede depender de haber dado una entrevista sobre‚Ä¶;1.4473181333672468e+18;Janick Alberto
Fri Oct 08 00:31:35 +0000 2021;"Petroleum Engineer  | Data Analyst              

Choc√≥ ‚ô°";186.0;167.0;Quibd√≥ - Colombia !! ;http://pbs.twimg.com/profile_images/1291039352458555392/eFda15FR_normal.jpg;27601.0;Ve lo que se devor√≥ Zapata.;1.4462720255936307e+18;Janick Alberto
Thu Oct 07 19:05:51 +0000 2021;"Petroleum Engineer  | Data Analyst              

Choc√≥ ‚ô°";186.0;167.0;Quibd√≥ - Colombia !! ;http://pbs.twimg.com/profile_images/1291039352458555392/eFda15FR_normal.jpg;27601.0;RT @JulianRoman: Gracias Ivancho‚Ä¶ https://t.co/m46dn6iUYU;1.4461900511515238e+18;Janick Alberto
Wed Oct 06 23:14:28 +0000 2021;"Petroleum Engineer  | Data Analyst              

Choc√≥ ‚ô°";186.0;167.0;Quibd√≥ - Colombia !! ;http://pbs.twimg.com/profile_images/1291039352458555392/eFda15FR_normal.jpg;27601.0;RT @angelicapinzon8: https://t.co/mBjKVC0iCu;1.4458902298235494e+18;Janick Alberto
Wed Oct 06 01:20:36 +0000 2021;"Petroleum Engineer  | Data Analyst              

Choc√≥ ‚ô°";186.0;167.0;Quibd√≥ - Colombia !! ;http://pbs.twimg.com/profile_images/1291039352458555392/eFda15FR_normal.jpg;27601.0;"RT @EspacioBarca: üó£Ô∏è| Miralem Pjaniƒá: ""Si el Bar√ßa quiere volver a lo m√°s alto, tiene que empezar por contratar a un buen entrenador"". http‚Ä¶";1.4455595820722627e+18;Janick Alberto
Tue Oct 05 18:56:49 +0000 2021;"Petroleum Engineer  | Data Analyst              

Choc√≥ ‚ô°";186.0;167.0;Quibd√≥ - Colombia !! ;http://pbs.twimg.com/profile_images/1291039352458555392/eFda15FR_normal.jpg;27601.0;Pero es que son bien malparidos. https://t.co/sqFMDsjLMU;1.4454630024345231e+18;Janick Alberto
Mon Oct 04 19:45:06 +0000 2021;"Petroleum Engineer  | Data Analyst              

Choc√≥ ‚ô°";186.0;167.0;Quibd√≥ - Colombia !! ;http://pbs.twimg.com/profile_images/1291039352458555392/eFda15FR_normal.jpg;27601.0;RT @eddyvargaz: Poes√≠a a tres bandasü§îüòé https://t.co/9qJSo043b6;1.445112761999143e+18;Janick Alberto
Mon Oct 04 19:17:44 +0000 2021;"Petroleum Engineer  | Data Analyst              

Choc√≥ ‚ô°";186.0;167.0;Quibd√≥ - Colombia !! ;http://pbs.twimg.com/profile_images/1291039352458555392/eFda15FR_normal.jpg;27601.0;RT @nacionaloficial: Mientras tanto Twitter‚Ä¶ ü§≠ https://t.co/52w6d6CmQW;1.4451058757488886e+18;Janick Alberto
Mon Oct 04 19:16:23 +0000 2021;"Petroleum Engineer  | Data Analyst              

Choc√≥ ‚ô°";186.0;167.0;Quibd√≥ - Colombia !! ;http://pbs.twimg.com/profile_images/1291039352458555392/eFda15FR_normal.jpg;27601.0;RT @alejodorowsky: HOY AMANEC√ç PENSANDO ESTO: LA CA√ëA TIENE AZ√öCAR, LA CICUTA TIENE VENENO. TODOS SERVIMIOS PARA ALGO, PERO NO TODOS SERVIM‚Ä¶;1.445105536979112e+18;Janick Alberto
Mon Oct 04 19:15:37 +0000 2021;"Petroleum Engineer  | Data Analyst              

Choc√≥ ‚ô°";186.0;167.0;Quibd√≥ - Colombia !! ;http://pbs.twimg.com/profile_images/1291039352458555392/eFda15FR_normal.jpg;27601.0;RT @cuervoji: ¬øPor qu√© se vuelven ricos luego de pasar por el servicio p√∫blico? Esa es la pregunta de fondo. La otra, si eran ricos desde a‚Ä¶;1.4451053458572124e+18;Janick Alberto
Sat Oct 02 20:03:08 +0000 2021;"Petroleum Engineer  | Data Analyst              

Choc√≥ ‚ô°";186.0;167.0;Quibd√≥ - Colombia !! ;http://pbs.twimg.com/profile_images/1291039352458555392/eFda15FR_normal.jpg;27601.0;RT @videosvecagando: https://t.co/TU2ghXa1md;1.444392525654106e+18;Janick Alberto
Sat Oct 02 19:57:40 +0000 2021;"Petroleum Engineer  | Data Analyst              

Choc√≥ ‚ô°";186.0;167.0;Quibd√≥ - Colombia !! ;http://pbs.twimg.com/profile_images/1291039352458555392/eFda15FR_normal.jpg;27601.0;RT @fdbedout: Por cada integrante de las FARC que ha traicionado los acuerdos de paz, son muchos m√°s los que est√°n cumpliendo y buscando un‚Ä¶;1.4443911498048512e+18;Janick Alberto
Sat Oct 02 01:18:53 +0000 2021;"Petroleum Engineer  | Data Analyst              

Choc√≥ ‚ô°";186.0;167.0;Quibd√≥ - Colombia !! ;http://pbs.twimg.com/profile_images/1291039352458555392/eFda15FR_normal.jpg;27601.0;RT @Tolaymaruja: Berrionditos, las zarig√ºeyas (o chuchas) no tienen quien las peine, pero son tiernas, muy √∫tiles pal medio ambiente y no l‚Ä¶;1.444109600358273e+18;Janick Alberto
Sat Oct 02 01:17:55 +0000 2021;"Petroleum Engineer  | Data Analyst              

Choc√≥ ‚ô°";186.0;167.0;Quibd√≥ - Colombia !! ;http://pbs.twimg.com/profile_images/1291039352458555392/eFda15FR_normal.jpg;27601.0;RT @JenVRod: A alguien se le ocurri√≥ hacer una canci√≥n llamada 'Perra'. A todos les pareci√≥ buena idea. Tambi√©n les pareci√≥ buena idea tene‚Ä¶;1.4441093574074778e+18;Janick Alberto
Fri Oct 01 18:52:57 +0000 2021;"Petroleum Engineer  | Data Analyst              

Choc√≥ ‚ô°";186.0;167.0;Quibd√≥ - Colombia !! ;http://pbs.twimg.com/profile_images/1291039352458555392/eFda15FR_normal.jpg;27601.0;RT @danielalozanocu: Si una adolescente quiere adoptar un beb√©, el Estado se lo impide por ser menor de edad, no tener trabajo ni estudios.‚Ä¶;1.4440124777847235e+18;Janick Alberto
Thu Sep 30 03:39:34 +0000 2021;"Petroleum Engineer  | Data Analyst              

Choc√≥ ‚ô°";186.0;167.0;Quibd√≥ - Colombia !! ;http://pbs.twimg.com/profile_images/1291039352458555392/eFda15FR_normal.jpg;27601.0;"RT @CNNEE: Residente a J Balvin: ""Tu m√∫sica es como si fuera un carrito de hot dog, que a mucha gente le puede gustar o a casi todo el mund‚Ä¶";1.4434202297916334e+18;Janick Alberto
Thu Sep 30 03:39:02 +0000 2021;"Petroleum Engineer  | Data Analyst              

Choc√≥ ‚ô°";186.0;167.0;Quibd√≥ - Colombia !! ;http://pbs.twimg.com/profile_images/1291039352458555392/eFda15FR_normal.jpg;27601.0;Lo puso rusio Residente a JBalvin. Dios santo üòÇ;1.4434200920841298e+18;Janick Alberto
Wed Sep 29 20:54:34 +0000 2021;"Petroleum Engineer  | Data Analyst              

Choc√≥ ‚ô°";186.0;167.0;Quibd√≥ - Colombia !! ;http://pbs.twimg.com/profile_images/1291039352458555392/eFda15FR_normal.jpg;27601.0;Si despu√©s de hoy siguen sosteniendo a la mentira de Koeman, se puede Laporta ir comiendo tres hect√°reas de aquello.;1.4433183069880443e+18;Janick Alberto
Wed Sep 29 20:33:36 +0000 2021;"Petroleum Engineer  | Data Analyst              

Choc√≥ ‚ô°";186.0;167.0;Quibd√≥ - Colombia !! ;http://pbs.twimg.com/profile_images/1291039352458555392/eFda15FR_normal.jpg;27601.0;El Barcelona de Koeman... ¬øpor qu√© es que no han sacado a ese se√±or, @FCBarcelona_es? Ahora en rueda de prensa sale‚Ä¶ https://t.co/KMljuNKgsB;1.4433130284103188e+18;Janick Alberto
Tue Sep 28 20:05:10 +0000 2021;"Petroleum Engineer  | Data Analyst              

Choc√≥ ‚ô°";186.0;167.0;Quibd√≥ - Colombia !! ;http://pbs.twimg.com/profile_images/1291039352458555392/eFda15FR_normal.jpg;27601.0;"RT @NoticiasCaracol: Prestaci√≥n de servicios ya no ser√° contrato disfrazado: vea qu√© ordena el Consejo de Estado 

https://t.co/w59XWB5FJb";1.4429434884257505e+18;Janick Alberto
Tue Sep 28 18:14:08 +0000 2021;"Petroleum Engineer  | Data Analyst              

Choc√≥ ‚ô°";186.0;167.0;Quibd√≥ - Colombia !! ;http://pbs.twimg.com/profile_images/1291039352458555392/eFda15FR_normal.jpg;27601.0;A cual peor defina en este Shakhtar vs Inter... Madre m√≠a ü§¶üèæ‚Äç‚ôÇÔ∏èü§¶üèæ‚Äç‚ôÇÔ∏è;1.4429155454524744e+18;Janick Alberto
Tue Sep 28 01:48:19 +0000 2021;"Petroleum Engineer  | Data Analyst              

Choc√≥ ‚ô°";186.0;167.0;Quibd√≥ - Colombia !! ;http://pbs.twimg.com/profile_images/1291039352458555392/eFda15FR_normal.jpg;27601.0;RT @tobonsanin: Colombia tiene una moneda tan devaluada como la popularidad de su presidente y una corrupci√≥n desbordada. Iv√°n Duque hace r‚Ä¶;1.4426674548791788e+18;Janick Alberto
Tue Sep 28 01:47:42 +0000 2021;"Petroleum Engineer  | Data Analyst              

Choc√≥ ‚ô°";186.0;167.0;Quibd√≥ - Colombia !! ;http://pbs.twimg.com/profile_images/1291039352458555392/eFda15FR_normal.jpg;27601.0;Llevado del putas tiene este se√±or al pa√≠s. Todo te sale mal @IvanDuque... qu√© vaina ü§¶üèæ‚Äç‚ôÇÔ∏èü§¶üèæ‚Äç‚ôÇÔ∏èü§¶üèæ‚Äç‚ôÇÔ∏è https://t.co/RVEKLZsYXy;1.4426673013844664e+18;Janick Alberto
Tue Sep 28 01:11:55 +0000 2021;"Petroleum Engineer  | Data Analyst              

Choc√≥ ‚ô°";186.0;167.0;Quibd√≥ - Colombia !! ;http://pbs.twimg.com/profile_images/1291039352458555392/eFda15FR_normal.jpg;27601.0;RT @CurrumeoMD: ¬°Am√© a este se√±or !üò±üò±üò≥ https://t.co/u50XxxpVvR;1.4426582939529626e+18;Janick Alberto
Sun Sep 26 16:26:49 +0000 2021;"Petroleum Engineer  | Data Analyst              

Choc√≥ ‚ô°";186.0;167.0;Quibd√≥ - Colombia !! ;http://pbs.twimg.com/profile_images/1291039352458555392/eFda15FR_normal.jpg;27601.0;RT @InvictosSomos: Encar√≥ en el primer bal√≥n que recibi√≥. Le pudieron haber pitado un penal a favor. Convirti√≥ 1 golazo (1 tiro al arco). G‚Ä¶;1.4421637632688824e+18;Janick Alberto
Sun Sep 26 16:03:01 +0000 2021;"Petroleum Engineer  | Data Analyst              

Choc√≥ ‚ô°";186.0;167.0;Quibd√≥ - Colombia !! ;http://pbs.twimg.com/profile_images/1291039352458555392/eFda15FR_normal.jpg;27601.0;AAAAANNNNNSUUUUUU FAAAAATIIIIIIIIIII. GOOOOOOL DEL 10!!!;1.4421577706194289e+18;Janick Alberto
Sun Sep 26 15:55:40 +0000 2021;"Petroleum Engineer  | Data Analyst              

Choc√≥ ‚ô°";186.0;167.0;Quibd√≥ - Colombia !! ;http://pbs.twimg.com/profile_images/1291039352458555392/eFda15FR_normal.jpg;27601.0;RT @FCBarcelona_es: ùêÄùêçùêíùêî ùêÖùêÄùêìùêà 1Ô∏è‚É£0Ô∏è‚É£;1.4421559225879306e+18;Janick Alberto
Sun Sep 26 01:17:40 +0000 2021;"Petroleum Engineer  | Data Analyst              

Choc√≥ ‚ô°";186.0;167.0;Quibd√≥ - Colombia !! ;http://pbs.twimg.com/profile_images/1291039352458555392/eFda15FR_normal.jpg;27601.0;RT @chocquibtown: Los que puedan nos env√≠an foto, pura luz üíØ‚ÄºÔ∏è‚úäüèæü§éüî•  @amazonmusic https://t.co/odLXilLCs4;1.4419349652441047e+18;Janick Alberto
Mon Sep 20 11:49:48 +0000 2021;"Petroleum Engineer  | Data Analyst              

Choc√≥ ‚ô°";186.0;167.0;Quibd√≥ - Colombia !! ;http://pbs.twimg.com/profile_images/1291039352458555392/eFda15FR_normal.jpg;27601.0;RT @DiegoMaldonadoR: En la cara del Ministro de Defensa, @Diego_Molano, con emoci√≥n y en una canci√≥n. üëèüèΩ https://t.co/RQuu0aR433;1.4399197210219397e+18;Janick Alberto
Mon Sep 20 00:58:30 +0000 2021;"Petroleum Engineer  | Data Analyst              

Choc√≥ ‚ô°";186.0;167.0;Quibd√≥ - Colombia !! ;http://pbs.twimg.com/profile_images/1291039352458555392/eFda15FR_normal.jpg;27601.0;Este soy yo. Despu√©s de las 8 pm no le salgo a nadie. https://t.co/tepFm2X21L;1.4397558165512028e+18;Janick Alberto
Sun Sep 19 14:55:14 +0000 2021;"Petroleum Engineer  | Data Analyst              

Choc√≥ ‚ô°";186.0;167.0;Quibd√≥ - Colombia !! ;http://pbs.twimg.com/profile_images/1291039352458555392/eFda15FR_normal.jpg;27601.0;El tal David Moyes es un tonto. Nunca en la vida metas a un tipo desde el banco apenas para patear un penal... eso‚Ä¶ https://t.co/vYo7VLUbvk;1.4396039981185884e+18;Janick Alberto
Sun Sep 19 00:48:48 +0000 2021;"Petroleum Engineer  | Data Analyst              

Choc√≥ ‚ô°";186.0;167.0;Quibd√≥ - Colombia !! ;http://pbs.twimg.com/profile_images/1291039352458555392/eFda15FR_normal.jpg;27601.0;Intratable el Verde en esta Liga üí™;1.439390987282002e+18;Janick Alberto
Sun Sep 19 00:33:16 +0000 2021;"Petroleum Engineer  | Data Analyst              

Choc√≥ ‚ô°";186.0;167.0;Quibd√≥ - Colombia !! ;http://pbs.twimg.com/profile_images/1291039352458555392/eFda15FR_normal.jpg;27601.0;RT @kdnuggets: Data Science Job Roles https://t.co/FKfBkcVQSc https://t.co/H9JIL6xDjF;1.4393870789665792e+18;Janick Alberto
Sat Sep 18 18:21:10 +0000 2021;"Petroleum Engineer  | Data Analyst              

Choc√≥ ‚ô°";186.0;167.0;Quibd√≥ - Colombia !! ;http://pbs.twimg.com/profile_images/1291039352458555392/eFda15FR_normal.jpg;27601.0;"RT @JessethMendoza: Oferta laboral!!!!

Se requiere Fisioterapeuta para la ESE Hospital Atrato Medio Antioque√±o.

Interesado hablar al inte‚Ä¶";1.4392934364573245e+18;Janick Alberto
Wed Sep 15 11:35:02 +0000 2021;"Petroleum Engineer  | Data Analyst              

Choc√≥ ‚ô°";186.0;167.0;Quibd√≥ - Colombia !! ;http://pbs.twimg.com/profile_images/1291039352458555392/eFda15FR_normal.jpg;27601.0;"RT @DiceGarzon: En Colombia 7.5 millones de personas viven con $145,004 a mes, es decir viven con $4,833 diarios.
Los departamentos con m√°s‚Ä¶";1.4381040664590582e+18;Janick Alberto
Tue Sep 14 19:58:58 +0000 2021;"Petroleum Engineer  | Data Analyst              

Choc√≥ ‚ô°";186.0;167.0;Quibd√≥ - Colombia !! ;http://pbs.twimg.com/profile_images/1291039352458555392/eFda15FR_normal.jpg;27601.0;Hasta verg√ºenza da ver jugar al Bar√ßa de Koeman. Un equipo hasta ahora sin liderazgo, sin agresividad y hasta asust‚Ä¶ https://t.co/GQtizDRQTd;1.4378684945325793e+18;Janick Alberto
Sat Sep 11 01:14:31 +0000 2021;"Petroleum Engineer  | Data Analyst              

Choc√≥ ‚ô°";186.0;167.0;Quibd√≥ - Colombia !! ;http://pbs.twimg.com/profile_images/1291039352458555392/eFda15FR_normal.jpg;27601.0;"RT @FCBarcelona_es: M√°ximo goleador de selecciones sudamericanas.
¬°Grande, Leo!

üì∑ @Argentina https://t.co/94pdxchwAM";1.4364983568812646e+18;Janick Alberto
Sat Sep 11 01:14:06 +0000 2021;"Petroleum Engineer  | Data Analyst              

Choc√≥ ‚ô°";186.0;167.0;Quibd√≥ - Colombia !! ;http://pbs.twimg.com/profile_images/1291039352458555392/eFda15FR_normal.jpg;27601.0;RT @ElGolGarracol: Menos mal el Chavo del ocho, los Simpson, Betty la fea y otras obras maestras de la televisi√≥n fueron √©xito antes de las‚Ä¶;1.4364982497000202e+18;Janick Alberto
Fri Sep 10 01:00:20 +0000 2021;"Petroleum Engineer  | Data Analyst              

Choc√≥ ‚ô°";186.0;167.0;Quibd√≥ - Colombia !! ;http://pbs.twimg.com/profile_images/1291039352458555392/eFda15FR_normal.jpg;27601.0;RT @InvictosSomos: ¬°¬°OFICIAL!! Lionel Messi (78) es el M√ÅXIMO GOLEADOR HIST√ìRICO del f√∫tbol de selecciones sudamericanas. Adi√≥s a la marca‚Ä¶;1.43613239755742e+18;Janick Alberto
Fri Sep 10 00:57:01 +0000 2021;"Petroleum Engineer  | Data Analyst              

Choc√≥ ‚ô°";186.0;167.0;Quibd√≥ - Colombia !! ;http://pbs.twimg.com/profile_images/1291039352458555392/eFda15FR_normal.jpg;27601.0;Partido muy acertado de Cuesta. Muy seria esa defensa de hoy.;1.4361315624883077e+18;Janick Alberto
Fri Sep 10 00:37:05 +0000 2021;"Petroleum Engineer  | Data Analyst              

Choc√≥ ‚ô°";186.0;167.0;Quibd√≥ - Colombia !! ;http://pbs.twimg.com/profile_images/1291039352458555392/eFda15FR_normal.jpg;27601.0;LUCHOOOOOO DE MIIII VIIIIDAAAAAA;1.4361265454337393e+18;Janick Alberto
Fri Sep 10 00:30:34 +0000 2021;"Petroleum Engineer  | Data Analyst              

Choc√≥ ‚ô°";186.0;167.0;Quibd√≥ - Colombia !! ;http://pbs.twimg.com/profile_images/1291039352458555392/eFda15FR_normal.jpg;27601.0;Pero Luis D√≠az üòçüòçüòç;1.4361249069204972e+18;Janick Alberto
Fri Sep 10 00:07:38 +0000 2021;"Petroleum Engineer  | Data Analyst              

Choc√≥ ‚ô°";186.0;167.0;Quibd√≥ - Colombia !! ;http://pbs.twimg.com/profile_images/1291039352458555392/eFda15FR_normal.jpg;27601.0;RT @ElGolGarracol: El que se invent√≥ ese nuevo comercial de Davivienda deber√≠an nombrarlo como nuevo MinTic.;1.436119134216102e+18;Janick Alberto
Thu Sep 09 23:51:51 +0000 2021;"Petroleum Engineer  | Data Analyst              

Choc√≥ ‚ô°";186.0;167.0;Quibd√≥ - Colombia !! ;http://pbs.twimg.com/profile_images/1291039352458555392/eFda15FR_normal.jpg;27601.0;RT @Juezcentral: OFICIAL. Lionel iguala a Pel√© como el m√°ximo anotador de una selecci√≥n sudamericana (con 77 goles). Un r√©cord que llevaba‚Ä¶;1.4361151644793037e+18;Janick Alberto
Thu Sep 09 23:23:37 +0000 2021;"Petroleum Engineer  | Data Analyst              

Choc√≥ ‚ô°";186.0;167.0;Quibd√≥ - Colombia !! ;http://pbs.twimg.com/profile_images/1291039352458555392/eFda15FR_normal.jpg;27601.0;BORJA DE MI VIDAAAAAAAA;1.436108058535547e+18;Janick Alberto
Thu Sep 09 23:06:51 +0000 2021;"Petroleum Engineer  | Data Analyst              

Choc√≥ ‚ô°";186.0;167.0;Quibd√≥ - Colombia !! ;http://pbs.twimg.com/profile_images/1291039352458555392/eFda15FR_normal.jpg;27601.0;GOOOOOOOOOOLAAAAAAAZOOOOOOOOOO;1.4361038401605345e+18;Janick Alberto
Thu Sep 09 22:10:57 +0000 2021;"Petroleum Engineer  | Data Analyst              

Choc√≥ ‚ô°";186.0;167.0;Quibd√≥ - Colombia !! ;http://pbs.twimg.com/profile_images/1291039352458555392/eFda15FR_normal.jpg;27601.0;RT @higuitarene: Desde la Federaci√≥n Ecuatoriana de f√∫tbol, donde trabaj√© algunos meses me env√≠an frecuentemente invitaciones  para ir a ve‚Ä¶;1.436089769751163e+18;Janick Alberto
Thu Sep 09 16:05:15 +0000 2021;"Petroleum Engineer  | Data Analyst              

Choc√≥ ‚ô°";186.0;167.0;Quibd√≥ - Colombia !! ;http://pbs.twimg.com/profile_images/1291039352458555392/eFda15FR_normal.jpg;27601.0;RT @Matador000: Jajajaja jajajaja jajajaja jajajaja https://t.co/e0huEX2Kd3;1.4359977383202406e+18;Janick Alberto
Thu Sep 09 12:30:22 +0000 2021;"Petroleum Engineer  | Data Analyst              

Choc√≥ ‚ô°";186.0;167.0;Quibd√≥ - Colombia !! ;http://pbs.twimg.com/profile_images/1291039352458555392/eFda15FR_normal.jpg;27601.0;RT @puiigismxFCB: El mejor mediocampo de la historia del f√∫tbol. https://t.co/9D6PDQ8WXk;1.4359436640570327e+18;Janick Alberto
Sun Sep 05 23:59:31 +0000 2021;"Petroleum Engineer  | Data Analyst              

Choc√≥ ‚ô°";186.0;167.0;Quibd√≥ - Colombia !! ;http://pbs.twimg.com/profile_images/1291039352458555392/eFda15FR_normal.jpg;27601.0;Colombia tiene que afinar ese ataque. Mucha maricadita y nada que nos paramos firmes en la eliminatoria.;1.434667542740603e+18;Janick Alberto
Sun Sep 05 22:42:12 +0000 2021;"Petroleum Engineer  | Data Analyst              

Choc√≥ ‚ô°";186.0;167.0;Quibd√≥ - Colombia !! ;http://pbs.twimg.com/profile_images/1291039352458555392/eFda15FR_normal.jpg;27601.0;Vea... https://t.co/gHbgORlTtg;1.434648086433968e+18;Janick Alberto
Sun Sep 05 22:16:27 +0000 2021;"Petroleum Engineer  | Data Analyst              

Choc√≥ ‚ô°";186.0;167.0;Quibd√≥ - Colombia !! ;http://pbs.twimg.com/profile_images/1291039352458555392/eFda15FR_normal.jpg;27601.0;Davinson S√°nchez que coma caca. Hoy se regala un gol.;1.4346416052234609e+18;Janick Alberto
Sun Sep 05 21:03:43 +0000 2021;"Petroleum Engineer  | Data Analyst              

Choc√≥ ‚ô°";186.0;167.0;Quibd√≥ - Colombia !! ;http://pbs.twimg.com/profile_images/1291039352458555392/eFda15FR_normal.jpg;27601.0;üòÖ https://t.co/CmkHH2OIN1;1.4346233024216474e+18;Janick Alberto
Sun Sep 05 19:39:15 +0000 2021;"Petroleum Engineer  | Data Analyst              

Choc√≥ ‚ô°";186.0;167.0;Quibd√≥ - Colombia !! ;http://pbs.twimg.com/profile_images/1291039352458555392/eFda15FR_normal.jpg;27601.0;Jajajajajaja https://t.co/2v2WkHnDoh;1.4346020418344468e+18;Janick Alberto
Sun Sep 05 19:11:47 +0000 2021;"Petroleum Engineer  | Data Analyst              

Choc√≥ ‚ô°";186.0;167.0;Quibd√≥ - Colombia !! ;http://pbs.twimg.com/profile_images/1291039352458555392/eFda15FR_normal.jpg;27601.0;Ya van a da√±ar el partido all√° en Brasil ü§¶üèæ‚Äç‚ôÇÔ∏è;1.4345951329139466e+18;Janick Alberto
Sat Sep 04 04:45:03 +0000 2021;"Petroleum Engineer  | Data Analyst              

Choc√≥ ‚ô°";186.0;167.0;Quibd√≥ - Colombia !! ;http://pbs.twimg.com/profile_images/1291039352458555392/eFda15FR_normal.jpg;27601.0;RT @fdbedout: En un pa√≠s en el que el 91% considera que la corrupci√≥n ha empeorado, un Congreso con 86% de desaprobaci√≥n, va a votar en con‚Ä¶;1.434014623997563e+18;Janick Alberto
Tue Aug 31 12:24:07 +0000 2021;"Petroleum Engineer  | Data Analyst              

Choc√≥ ‚ô°";186.0;167.0;Quibd√≥ - Colombia !! ;http://pbs.twimg.com/profile_images/1291039352458555392/eFda15FR_normal.jpg;27601.0;RT @DanielSamperO: #TeamJuanDiegoAlvira;1.4326806013463142e+18;Janick Alberto
Mon Aug 30 20:13:55 +0000 2021;"Petroleum Engineer  | Data Analyst              

Choc√≥ ‚ô°";186.0;167.0;Quibd√≥ - Colombia !! ;http://pbs.twimg.com/profile_images/1291039352458555392/eFda15FR_normal.jpg;27601.0;RT @lasillavacia: La designaci√≥n de Alberto Carrasquilla como codirector del @BancoRepublica es una muestra m√°s de que @IvanDuque es un pre‚Ä¶;1.432436440047235e+18;Janick Alberto
